comment_content,comment_time,no_of_likes,comments,sentiments_score,sentiments_class,sentiment_probability
然而来云南感染的武汉人基本都是是20号之后来的，那时候肺炎有关信息已经发布并强调无特殊原因不要出去，好几例明知自己发热咳嗽仍然坚持游玩云南各大景点，继续乘坐公共交通工具，不戴口罩……原谅我从理智和情感上都不能原谅这种人。,1月26日 23:16,25434.0,云南感染武汉20号肺炎信息发布原因几例明知发热咳嗽游玩云南各大景点乘坐公共交通工具不戴口罩原谅理智情感原谅,NaN,0,0.984664
这种人本身也不值得原谅！,1月26日 23:17,3889.0,值得原谅,NaN,0,0.999576
有个人明明已经发烧了还在昆明城绕了六天才去医院居心何在啊,1月26日 23:34,3959.0,明明发烧昆明城绕六天医院居心何在,NaN,0,0.99943
如果不是景区排查，还要在景区晃荡害多少人,1月26日 23:20,1904.0,景区排查景区晃荡害,NaN,0,0.920201
还有那个21号在昆明坐遍三条地铁线的,1月26日 23:36,1704.0,21号昆明坐遍三条地铁线,NaN,2,0.935149
是的，无法原谅，当时非典都没来到我们云南……现在就因为一些憨批乱跑，老老实实待着不好吗,1月26日 23:29,1471.0,原谅非典来到云南憨批乱跑不好,NaN,0,0.988729
云南人表示一脸懵逼突然就来了好多旅游的人还是在通知不要外出的时候来的,1月26日 23:31,1211.0,云南一脸懵逼好多旅游通知外出,NaN,0,0.953467
最可气的是在网上说了几句这些人后，还有武汉的人来骂我，微博挂我，让我给武汉人民交代，气死了,1月26日 23:35,1106.0,可气网上说几句人后武汉人来骂微博挂武汉交代气死,NaN,0,0.999598
嗯，大过年来云南旅游，还跟团。操作挺骚的,1月26日 23:19,904.0,大过年云南旅游团操作挺骚,NaN,2,0.84693
对，今天增加的一个病例居然在腾冲的景区排查的时候发现的，太可恨了！要害多少人！,1月26日 23:32,869.0,增加病例腾冲景区排查发现太可恨要害,NaN,0,0.997967
还有明明已经确诊了还要逃跑警察医生都找不到的那种人居心啊,1月26日 23:35,785.0,明明确诊逃跑警察医生找不到那种居心,NaN,0,0.999034
他妈的，本该欢喜的节日，居然让全国人民跟着遭殃，往自私点说，家里有亲戚做实体生意的，备足了货不休息想趁过年赚点，现在眼看着就要亏的血本无归，虽钱可以再赚，但这笔帐凭什么算到我们这些无辜老百姓头上，还殃及生命。吃野味的，卖野味的，市场老板，政府相关部门，这些有瓜葛的人全都是千古罪人,1月26日 23:33,767.0,他妈的本该欢喜节日全国跟着遭殃自私点说家里亲戚做实体生意备足货休息想过年赚点眼看亏血本无归虽钱赚这笔帐算无辜老百姓头上殃及生命吃野味卖野味市场老板政府相关部门瓜葛千古罪人,NaN,0,0.999864
对丫，云南开始只有三例，其中俩例都是武汉人来的，求求你们别来云南了，云南医疗条件太差了，跟别的省份真心比不了,1月26日 23:39,654.0,丫云南三例俩例武汉人来求求别来云南云南医疗条件太差省份真心,NaN,0,0.999875
早一点封城早一点重视这个病把数据透明上报就不会有现在这么多事这个锅武汉政府必须背上武汉人民委屈其他省人民难道就不委屈嘛,1月26日 23:38,672.0,早一点封城早一点重视病数据透明上报多事锅武汉政府背上武汉委屈省委屈,NaN,0,0.996215
同意在桂林发现的11例中有9例都是这样的武汉人，有的明明发热却坚持自驾游，有的在宣布这种病人传人以及知道23日封城后仍然在22日跑出武汉，哎，不值得原谅！,1月26日 23:46,575.0,同意桂林发现11例中例武汉明明发热自驾游病人传人23日封城后22日跑武汉值得原谅,NaN,0,0.998367
没人怪你们我是吉林的今天辽宁给你们送去了白菜东北老人总讲白菜能解毒希望你们吃白菜解百毒东北老铁给你们加油打气,1月26日 23:10,10437.0,没人怪吉林辽宁送白菜东北老人总讲白菜解毒希望吃白菜解百毒东北老铁加油打气,NaN,0,0.985658
谢谢东北和内蒙的老铁！有些评论看了真让人寒心！幸好有你们！,1月27日 11:06,256.0,谢谢东北内蒙老铁评论真让人寒心幸好,NaN,0,0.983145
内蒙送去了土豆内蒙土豆可好吃了多吃点土豆炖白菜不要再吃野味了哦武汉加油,1月27日 00:00,992.0,内蒙送土豆内蒙土豆好吃吃点土豆炖白菜吃野味武汉加油,NaN,2,0.98111
谢谢东北老铁们！真的仗义！我一个武汉人以后吃大白菜肯定会想起2020你们送来的十几吨大白菜！虽然我一直馋的是你们东北的铁锅炖鱼，铁锅一圈好像还烤着一个黄色的饼感觉很好吃样的。,1月27日 00:30,667.0,谢谢东北老铁们真的仗义武汉吃大白菜肯定想起2020送来十几吨大白菜馋东北铁锅炖鱼铁锅一圈好像烤黄色饼感觉好吃样,NaN,2,0.969489
看在大白菜的面子上，停止地域黑吧，东北人民真的可可爱爱,1月27日 00:54,525.0,大白菜面子停止地域黑东北真的可爱爱,NaN,0,0.875894
东北有句老话叫，百菜不如白菜，这句话很有道理，把手洗干净，白菜直接用手撕碎，少放点盐，放上豆腐和内蒙古兄弟支援的土豆，炖一锅热热的汤，味道超级好，还暖胃，作用是利尿！,1月27日 01:35,349.0,东北有句老话百菜白菜这句话道理把手洗干净白菜用手撕碎少放点盐放豆腐内蒙古兄弟支援土豆炖一锅热热汤味道超级暖胃作用利尿,NaN,2,0.951059
东北人民真的可可爱爱,1月26日 23:55,317.0,东北真的可爱爱,NaN,2,0.965351
感谢东北老铁，，留守武汉人表示已经四天没吃到青菜了😭,1月27日 00:04,276.0,感谢东北老铁留守武汉四天吃青菜😭,NaN,NaN,NaN
还有医护人员！我嫂子作为辽宁驰援湖北医疗队的一员，今日奔赴武汉了，武汉快点好起来吧，愿所有的医护英雄平安归来！,1月27日 00:03,213.0,医护人员嫂子辽宁驰援湖北医疗队一员今日奔赴武汉武汉快点愿医护英雄平安归来,NaN,2,0.994659
突然发现上海送ecmo虽然很牛批很有钱但是和我好像也没啥关系（虽然俺也募捐了）感觉还不如送土豆炖白菜接地气要是小笼包能捐我买点小笼包寄过去？（bushi,1月27日 00:14,149.0,发现上海送ecmo牛批有钱好像关系募捐感觉送土豆炖白菜接地气小笼包捐买点小笼包寄过去bushi,NaN,0,0.995447
不用感谢别地域黑东北就是最大感谢了我在武汉至少遇到十个地域黑骂东北的,1月27日 01:54,128.0,不用感谢地域黑东北感谢武汉至少十个地域黑骂东北,NaN,2,0.902931
我就是沈阳的，这130吨白菜是我们政府紧急调配的，希望武汉留守人民能够挺过最艰难的日子，全国人民都在关注武汉，期待你们那边传来的好消息，加油！,1月27日 07:08,114.0,沈阳130吨白菜政府紧急调配希望武汉留守挺过艰难日子全国关注武汉期待传来好消息加油,NaN,2,0.91624
看到这条还挺感动，因为极个别东北被黑的很惨其实东北人真的很好,1月27日 06:05,118.0,这条挺感动极个别东北黑很惨东北真的,NaN,2,0.866598
老铁说的对白菜解百毒，来自辽宁人的打气，加油💪,1月27日 00:05,106.0,老铁说白菜解百毒辽宁人打气加油💪,NaN,NaN,NaN
俺东北送过去的白菜跟内蒙古送过去的土豆子一顿，加点五花肉，贼香,1月27日 00:50,97.0,东北送白菜内蒙古送土豆子一顿加点五花肉贼香,NaN,2,0.908475
加油，我还没去过武汉，等事情过去了，我想去这个美丽的地方看樱花,1月26日 23:06,1813.0,加油去过武汉事情想美丽地方樱花,NaN,2,0.999534
加油，我还没去过武汉，等事情过去了，我想去这个美丽的地方看樱花,1月26日 23:06,1813.0,加油去过武汉事情想美丽地方樱花,NaN,2,0.999534
说因为病毒永远不来武汉的，我想说中国除了西藏都有风险，这边建议你移民，哦对了，美国法国加拿大日韩也不太建议移民呢,1月27日 04:52,5.0,说病毒永远武汉想说中国西藏风险建议移民美国法国加拿大日韩太建议移民,NaN,0,0.970319
别去户部巷！别去户部巷！别去户部巷！！！,1月27日 00:45,85.0,别去户部巷别去户部巷别去户部巷,NaN,0,0.998073
一定要来武汉鸭！我们一起等待春暖花开，等待武汉这次病痊愈！,1月26日 23:48,78.0,武汉鸭等待春暖花开等待武汉病痊愈,NaN,2,0.997974
额，我没想到那么多人回复我，单纯的只是想等武汉“病”好了去看看那里的建筑风景，吃那里的美食，也谢谢那些关心我健康的人我还是相信我的祖国相信武汉的恢复能力相信那些为疫情付出的人们，感谢那些为我之后去武汉提供旅游路线和没事的可爱同胞们,1月27日 01:03,38.0,额没想到多人回复想武汉病建筑风景吃美食谢谢关心健康祖国武汉恢复能力疫情付出感谢武汉提供旅游路线没事可爱同胞们,NaN,2,0.996642
我也想去看樱花🌸,1月26日 23:39,21.0,想樱花🌸,NaN,NaN,NaN
活着不好吗？,1月26日 23:45,18.0,活着不好,NaN,0,0.999598
我超爱吃常青麦香园的热干面~等这次过去了还要去吃,1月26日 23:57,18.0,超爱吃常青麦香园热干面吃,NaN,2,0.998714
大武汉欢迎你啊，先要好好照顾之后才能去武汉看樱花呀,1月26日 23:44,14.0,武汉先好好照顾武汉樱花,NaN,2,0.997987
人民没错错的只有两部分一部分吃野味的一部分人数比较少人称四大天王,1月26日 23:50,12.0,没错错两一部分吃野味一部分人数少人称四大天王,NaN,0,0.791582
等疫情好了以后欢迎来武汉做客,1月26日 23:39,13.0,疫情武汉做客,NaN,2,0.99472
我也是！我很久以前就喜欢武汉了，之前想考武汉的大学的，但很遗憾考不上！想去吃那里的热干面最重要的是想去那里看樱花！,1月27日 00:31,11.0,很久以前喜欢武汉想考武汉大学遗憾考不上想吃热干面想樱花,NaN,2,0.994215
有没有别的推荐因为我不吃面食,1月27日 00:04,4.0,有没有推荐不吃面食,NaN,1,0.520718
还去武汉看樱花你心真大，我都想骂死那些吃野味，明明禁止外出还偷偷溜走的武汉人了，害死全国人民了，想工作没办法工作，没钱,1月27日 00:02,9.0,武汉樱花心真大想骂死吃野味明明禁止外出偷偷溜走武汉害死全国想工作办法工作钱,NaN,0,0.999132
加油，我们能扛过去的,1月26日 23:05,5884.0,加油扛过去,NaN,2,0.999903
加油，我们能扛过去的,1月26日 23:05,5884.0,加油扛过去,NaN,2,0.999903
其实出去的有大部分也很无辜特别是我们这样的大学生。我从12月底开始就一直关注这个，可是返乡的时候官方通报真的误导人，大家都不以为意，没想到这么严重真的对不起！我们真的不是那种有意传播病毒的人,1月26日 23:40,102.0,大部分无辜大学生12月底关注返乡官方通报真的误导不以为意没想到真的对不起真的那种有意传播病毒,NaN,0,0.999672
骂浙江人那个起劲还建群骂真是恶臭,1月26日 23:39,56.0,骂浙江人起劲建群骂恶臭,NaN,0,0.999825
而且，武汉那么多优秀的高校，给全国培养了很多出色的人才，真的很有责任心的城市。不要在乎喷子杠精秀儿的言语，理性的外省同胞都知道怎么回事。。,1月26日 23:45,41.0,武汉优秀高校全国培养出色人才真的责任心城市在乎喷子杠精秀儿言语理性外省同胞怎么回事,NaN,2,0.994556
武汉加油来自四川的祝福,1月27日 00:00,22.0,武汉加油四川祝福,NaN,2,0.998613
天上九头鸟，地上湖北佬，都加点小心吧，明知道自己有病还不带口罩出去传播，这安的什么心,1月27日 03:47,17.0,天上九头鸟地上湖北佬加点小心明有病不带口罩传播这安心,NaN,0,0.998979
我朋友一家没有离开，乖乖的待在武汉。我们很想给她寄点蔬菜过去，但她说她收不到快递希望疫苗赶快研制成功，大家都快点好起来,1月26日 23:54,19.0,朋友一家离开乖乖武汉想寄点蔬菜说收不到快递希望疫苗研制成功快点,NaN,2,0.961459
武汉市长不鸣则已一鸣惊人500万什么概念，假设一下：全国25个省市每个20万人；省市10个地域每个1万人；地域10个县区每个1千人；县区20个乡镇每个50人；乡镇10个村社每个5人；大家初二晚安，我继续躺床,1月26日 23:50,18.0,武汉市长不鸣则已一鸣惊人500万概念假设全国25省市20万人省市10地域万人地域10县区千人县区20乡镇50乡镇10村社初二晚安躺床,NaN,2,0.904577
我们都在努力做对的事我们一起等它好起来等待这座城市痊愈❤️❤️,1月27日 00:00,14.0,努力做事等待这座城市痊愈❤️❤️,NaN,NaN,NaN
我们知道所有的现在坚守在前线的都是英雄，医护人员，病人，军人等等都是英雄，都在为战胜病毒一起奋战着。坚守武汉的不要再看网上的一些喷子的言论，大多发言不太成熟，怪罪谩骂别的受害者，不如自己做好防护，不给国家添麻烦。,1月26日 23:53,10.0,坚守前线英雄医护人员病人军人英雄战胜病毒奋战坚守武汉网上喷子言论发言不太成熟怪罪谩骂受害者做好防护国家添麻烦,NaN,0,0.804296
我是留在武汉的黄冈人，放假早的话也是一样会回去过年啊，但是放假晚，号召我们不要离开武汉，那就不离开，武汉和黄冈都是我的家，都是我待了很多年的地方。我们平头百姓没有什么需要被骂的，要骂就骂明知封城了，自己生病还到处传播病毒不告知别人的那些人。,1月27日 13:01,1.0,留在武汉黄冈放假早回去过年放假晚号召离开武汉离开武汉黄冈家很多年地方平头百姓骂骂骂明知封城生病传播病毒告知,NaN,0,0.603741
我表哥是黄冈的工作没多久今年他一个人在武汉过年了,1月27日 10:52,2.0,表哥黄冈工作没多久武汉过年,NaN,2,0.990728
要不然呢,1月26日 23:54,3.0,,NaN,0,0.918402
武汉加油，来自新疆的祝福，每个群体都有害群之马，但不能代表大多数，新疆人民经历过同样的事，所以无比理解你们的处境，现在这样的境况，记得保护好自己就好，一切都会过去的～,1月27日 10:46,3.0,武汉加油新疆祝福群体害群之马代表新疆经历事无比理解处境境况记得保护,NaN,2,0.916794
加油💪我姐姐的医院已经出发去支援武汉了，期盼疫情早日得到抑制，加油武汉人民！,1月26日 23:16,3983.0,加油💪姐姐医院出发支援武汉期盼疫情早日抑制加油武汉,NaN,NaN,NaN
谢谢！真的谢谢你们。,1月26日 23:17,27.0,谢谢真的谢谢你们,NaN,2,0.996442
我弟弟今天也出发支援武汉了，还是去救治危重症患者，家里人知道消息后担心的不行，但我们相信医护人员，相信他们都是专业的，努力治好病人的同时也会保护好自己，希望全国人民一切安好，尽快度过这次难关,1月26日 23:47,27.0,弟弟出发支援武汉救治危重症患者家里人消息担心不行医护人员专业努力治好病保护希望全国安好度过难关,NaN,2,0.996183
如果我们真的对武汉人这么大敌意，就不会捐款捐物资，派那么多人上前线，志愿报名那么多人了。我们保护依然留在武汉的人，但是无法原谅带病潜逃的那些憨批我姑姑已经报名了第二批支援医生，随时出发！,1月27日 07:38,18.0,真的武汉敌意捐款捐物资派多人前线志愿报名多人保护依然留在武汉原谅带病潜逃憨批姑姑报名第二批支援医生出发,NaN,0,0.830996
谢谢你们真的大年初一来了救援队我们才稍微情绪稳定一点一点都不夸张我那些天动不动就会哭,1月27日 00:12,8.0,谢谢你们真的大年初一救援队稍微情绪稳定一点一点夸张天哭,NaN,2,0.900575
@我的宝贝女儿莹宝去了天堂:打扰了博主请您别删除我的评论感谢您，杀人恶魔宋述一手法残忍灭绝人性，惨绝人寰，自古以来杀人必须偿命，宋述一必须死刑立即执行，感恩所有的好心人关注我女儿的案子🙏，,1月27日 10:50,无,宝贝女儿莹宝天堂打扰博主请删除评论感谢您杀人恶魔宋述手法残忍灭绝人性惨绝人寰自古以来杀人偿命宋述死刑执行感恩好心人关注女儿案子🙏,NaN,NaN,NaN
我这边也是！,1月26日 23:58,无,,NaN,2,0.813108
我表姐也去武汉支援了，去之前把存款都转回家里，全家担心得要死。,1月26日 23:55,3.0,表姐武汉支援存款转回家里全家担心要死,NaN,0,0.823556
我妈妈的医院也是说实话医生家属真的难最危险的就是医院了,1月26日 23:40,6.0,妈妈医院说实话医生家属真的难危险医院,NaN,0,0.994172
我姐姐的医院也已出发去武汉了，他们医院的医生已经连续上班两天两夜还没下班呢！保佑他们！,1月27日 02:11,2.0,姐姐医院出发武汉医院医生连续上班两天两夜下班保佑,NaN,0,0.775701
非常心疼武汉人，现在人人对武汉出来的人唯恐避之不及，但绝大多数武汉人都是受害者，是那些卖和吃野味的、有病症乱跑的人连累了武汉人，希望武汉扛住，有认识的学医的朋友已经去支援了,1月27日 00:18,5.0,心疼武汉武汉唯恐避不及绝大多数武汉受害者卖吃野味病症乱跑连累武汉希望武汉扛住学医朋友支援,NaN,0,0.728171
谢谢你！真的感谢你！,1月27日 00:01,2.0,谢谢真的感谢,NaN,2,0.998581
我表姐北京协和的，因为自己是血液科，第一批请愿没被批准，但是她的老师已经带队到了武汉了，我们也整天关注疫情我是河南的今天睡醒一下子多了51例我们已经如此严重不敢想象身在武汉的同胞会有什么样的心情唯有加油没什么过不去的武汉很好我还没去过相信樱花开之前我就能订票了,1月26日 23:53,6.0,表姐北京协和血液科第一批请愿批准老师带队武汉整天关注疫情河南睡醒一下子51例想象身在武汉同胞心情加油没什么过不去武汉去过樱花开订票,NaN,2,0.70724
一定注意自身安全！保护好自己也是为国家做贡献！武汉人民爱你们,1月27日 23:50,1.0,保护国家做贡献武汉爱,NaN,2,0.936134
加油💪会过去的，全国人民都在给你们加油我们隔离的不是武汉这座城市，更不是武汉的朋友，而是病毒🦠，等到一切都过去了，我们依然爱不！现在我们也爱武汉，只是讨厌哪里的病毒，等到一切恢复平静，春暖花开我们一定还会在武汉相聚！,1月27日 06:49,1.0,加油💪全国加油隔离武汉这座城市武汉朋友病毒🦠依然爱爱武汉讨厌病毒恢复平静春暖花开还会武汉相聚,NaN,NaN,NaN
封城通知之后，利用8小时逃出来30万人怎么说？？？？真的太坏了。,1月26日 23:35,2526.0,封城通知利用小时逃出来30万人说真的太坏,NaN,0,0.999919
说的好像他们湖北的都老实在家，逃出来的都是打工的。钟南山说人传人之后，傻子都晓得事态严重。要封城之前就突然跑30万人，这样了不要说他们不知道情况严重。近日航班飞机空降杭州萧山。武汉人几百个还有发热咳嗽的，飞机上很多浙江人都不知道，下飞机就被隔离了。武汉人还骂浙江人，都被骂上热搜了。,1月27日 00:18,711.0,说好像湖北老实在家逃出来打工钟南山说传人傻子晓得事态严重封城跑30万人说情况严重近日航班飞机空降杭州萧山武汉几百个发热咳嗽飞机浙江人飞机隔离武汉骂浙江人骂热搜,NaN,0,0.999921
大数据统计平均每天都有30w人离开武汉，而所谓的八小时逃出，也未必全部人都是有意为之，可能是还很多人本来就计划好那时间段离开。,1月26日 23:54,455.0,数据统计平均30w离开武汉八小时逃出未必有意本来计划时间段离开,NaN,0,0.990562
难道不能是原本计划那两天回家过年的听到封城就赶紧趁封城前赶回去的呢?不要一棍子打死所有人。,1月26日 23:56,330.0,原本计划两天回家过年听到封城赶紧趁封城前赶回去一棍子打死所有人,NaN,0,0.988638
有计划好离开的有被亲人催促离开的有自我觉得自己没有染病离开的有像我这样被亲人关心催促离开没有离开不出门的希望武汉快点痊愈我爱我的湖北我爱我的武汉…,1月26日 23:56,259.0,计划离开亲人催促离开自我染病离开亲人关心催促离开离开出门希望武汉快点痊愈爱湖北爱武汉,NaN,2,0.900287
说实话，无法原谅22、23号出来给我们千里送毒的人，明明他们根本就不是我们这里的人也从没来过我们这里，23号到24号确诊，太恶毒了这个女人,1月27日 02:05,261.0,说实话原谅2223号千里送毒明明从没来过23号24号确诊太恶毒女人,NaN,0,0.999867
春运期间不管武汉上海北京每天有多少人离开？在除夕之前的返乡潮30万人真的正常数字被人冠了个逃难的名号,1月27日 01:30,187.0,春运期间武汉上海北京离开除夕返乡潮30万人真的数字人冠逃难名号,NaN,0,0.594422
别一直扯大部分都是学生是打工的，我没记错的话大部分省前几例都是武汉人吧,1月27日 08:09,176.0,扯大部分学生打工记错大部分省前几例武汉,NaN,0,0.933048
凭什么指责你就能保证你不会在封城前离开疫区留下来感染几率明显更大吧说这样的人自私未免也太苛刻了考验人的求生本能？,1月27日 01:30,141.0,指责保证封城前离开疫区留下来感染几率更大说自私未免太苛刻考验求生本能,NaN,0,0.999868
说了人传人，说了要封城，那就是很严重要控制了啊！跑出来就一定能活？还是你们已经放弃自己的家园了？就算有计划难道不是应该听政府指挥乖乖待在家吗！说人性至此，你们的人性就要全中国陪葬吗？没出武汉的人就别玻璃心的出来蹦跶了，自己对号入座就是存心找架吵！要骂就去骂你们的政府,1月27日 05:05,139.0,说传人说封城控制跑能活放弃家园计划听政府指挥乖乖在家说人性至此人性全中国陪葬武汉玻璃心蹦跶对号入座找架吵骂骂政府,NaN,0,0.999994
大部分省的大多数确诊都是都是20号后跑去旅游的吧？给这种人洗什么？难道你们就是跑出去的人,1月27日 08:06,98.0,大部分省确诊20号跑旅游人洗跑出去,NaN,0,0.99926
很多武汉人说这个事情，在他们心里都是统一的说，跑出来的没有一个本地人，全部都是外地的和学生，他们本地人是一个都没往外跑，然后前几个省被隔离的，特别是有症状了还在外面玩的旅游的往人多的地方串的，全部都是武汉本地人，相反真的外地回家过年的惹出病例的比例倒小很多，而我最不满的就是这个,1月27日 10:05,105.0,武汉说事情统一说跑本地人全部都是外地学生本地人没往外跑前几个省隔离症状外面玩旅游地方串全部都是武汉本地人真的外地回家过年惹出病例比例倒,NaN,0,0.813288
三十万大多数的也是回了湖北省的，你看看湖北省的，再看看其他省的，你心里就平衡多了,1月27日 00:28,72.0,三十万回湖北省湖北省省平衡,NaN,2,0.593637
你肯定没好好看吧博主说了那些人就是该被千夫所指的她没有为那些人开脱啊,1月27日 02:26,72.0,肯定好好看吧博主说千夫所指开脱,NaN,0,0.968751
30万大部分是外地大学生和打工人员，别人要回家过年啊！我们准备出去旅游的武汉人几乎都退了票,1月27日 00:34,70.0,30万大部分外地大学生打工人员回家过年旅游武汉退票,NaN,0,0.94959
我刚才听说有些不知情的时候出去玩的武汉游客，之前被酒店拒绝，现在有了定点酒店自己又不愿意入住了，怕别的入住的武汉游客有病毒，真的是……服气了！这种人真不值得同情……,1月26日 23:59,293.0,听说不知情出去玩武汉游客酒店拒绝定点酒店入住入住武汉游客病毒真的服气人真值得同情,NaN,0,0.998433
不是我说，武汉人就天生不怕被感染了吗？那些不知情出去了的跟你一样也怕被携带病毒的传染，你把这些有病没病的都打包住在一起，你都不愿意和他们在一个城市，没病的人又怎么愿意和他们住隔壁这时候不是用地名区分，而是有病的和没病的（愿疫情控制，带病者不要到处跑，生病的早日康复）,1月27日 03:21,48.0,说武汉天生感染不知情携带病毒传染有病没病打包住在一起城市没病住隔壁这时候地名区分有病没病愿疫情控制带病到处跑生病早日康复,NaN,0,0.997928
你听说，我听说，他听说，不要带节奏了，安安稳稳在家待着，不要互相掐了,1月27日 10:49,17.0,听说听说听说节奏安安稳稳在家掐,NaN,1,0.54555
这种情况难道不该怕吗他们也是受害者啊也害怕的呀,1月27日 02:50,22.0,情况不该受害者害怕,NaN,0,0.999544
可怜之人必有可恨之处,1月27日 07:33,6.0,可怜之人必有可恨处,NaN,0,0.994945
但是都带着口罩互相注意，隔离起来，不是就可以隔绝了吗？（我没有要杠的意思，不懂就要问，因为我们现在不都是互相隔离在家😂不让走动吗？说切断传染源）,1月27日 09:31,5.0,口罩隔离隔绝要杠懂问隔离在家😂不让走动说切断传染源,NaN,NaN,NaN
能说你这样话的也是自私利己的。将心比心是你你愿意跟有可能肺炎的住一个酒店啊,1月27日 23:26,5.0,说话自私利己将心比心肺炎住酒店,NaN,0,0.99978
我们这还有发着烧不去医院，一路买药一路玩的人，躲排查，感觉不要命了,1月27日 12:09,6.0,发着烧医院一路买药一路玩躲排查感觉不要命,NaN,0,0.988813
真的是无语¡评论配图,1月28日 22:11,1.0,真的无语¡评论配图,NaN,NaN,NaN
看看奇葩¡评论配图,1月28日 22:09,1.0,奇葩¡评论配图,NaN,NaN,NaN
我朋友圈有个人22号非要回武汉过年。还一路得瑟定位。回去了今天还在外面逛。还发朋友圈说她卖的哪个阿胶糕和祛湿茶能治肺炎。我无语了。不知道该骂什么了。还没删她。因为还等着看她什么时候回深圳立刻举报。她觉得她哪个阿胶糕万能的估计也没自觉性去隔离,1月27日 23:42,4.0,朋友圈22号非要回武汉过年一路得瑟定位回去外面逛还发朋友圈说卖阿胶糕祛湿茶能治肺炎无语骂删回深圳举报阿胶糕万能估计自觉性隔离,NaN,0,0.999644
太烦了，因为武汉人大量跑到重庆，现在重庆都成海尔兄弟了。。,1月27日 23:20,3.0,太烦武汉跑重庆重庆成海尔兄弟,NaN,0,0.993462
简单说就是不许其他地方人民歧视，自己非常歧视,2月22日 08:13,无,简单说不许地方歧视歧视,NaN,0,0.990541
健康人不愿意跟疑似感染者住一起有问题吗?他们进隔离酒店是支持抗议，轮得到你来同情?,2月15日 20:52,无,健康人疑似感染者住进隔离酒店支持抗议轮同情,NaN,0,0.99848
是真的..我朋友圈有一个，19号离开武汉，然后病情爆发以后被酒店拒绝入住，但是她自己也不愿意去隔离酒店,1月27日 22:40,7.0,真的朋友圈19号离开武汉病情爆发酒店拒绝入住隔离酒店,NaN,0,0.931283
我们理解许多老百姓一开始都是觉得感冒而已，也理解武汉作为中转，人口流动巨多，不责怪普通老百姓，只是责怪当地zf还有那些明知道自己是却还跑的人,1月26日 23:08,4771.0,理解老百姓感冒理解武汉中转人口流动巨多责怪老百姓责怪zf明跑,NaN,0,0.907253
我们理解许多老百姓一开始都是觉得感冒而已，也理解武汉作为中转，人口流动巨多，不责怪普通老百姓，只是责怪当地zf还有那些明知道自己是却还跑的人,1月26日 23:08,4771.0,理解老百姓感冒理解武汉中转人口流动巨多责怪老百姓责怪zf明跑,NaN,0,0.907253
感动，实际上我们一直接受到信息是，不会人传人，无新增病历………,1月26日 23:49,317.0,感动实际上接受信息传人新增病历,NaN,2,0.982053
真的怪政府！我1.15号从浙江回汉，仍然没有新闻说这个事，所以没带口罩，我现在在家担心了一个星期，毕竟火车站啊！汉口火车站离华南海鲜市场仅两公里！现在想想都后怕！,1月26日 23:53,219.0,真的政府1.15号浙江回汉新闻说事没带口罩在家担心星期火车站汉口火车站华南海鲜市场两公里想想后怕,NaN,0,0.998707
谢谢理解现在看到这种话太感动了,1月26日 23:46,60.0,谢谢理解话太感动,NaN,2,0.999724
楼主说的很中肯，在武汉的人最难熬了谁都不想这样。一层有点以偏概全，,1月27日 02:53,66.0,楼主说中肯武汉难熬不想一层以偏概全,NaN,2,0.671766
没有确诊人传人的时候大家都很淡定没那个意识就算知道人传人绝大多数人也不知道会这么厉害爆发应该是21往后了数字越来越多...,1月27日 01:47,45.0,确诊传人很淡意识传人绝大多数厉害爆发21往后数字越来越,NaN,0,0.979218
是的，我1月16日回武汉，一切正常，路人没什么人戴口罩，如果早点公布，我们身边很多人根本不会回武汉过年,1月27日 08:19,20.0,月16日回武汉一切正常路人没什么戴口罩早点公布身边回武汉过年,NaN,0,0.93891
图片评论¡评论配图,1月27日 02:27,22.0,图片评论¡评论配图,NaN,NaN,NaN
对的，主要是政府不作为。要是早上报，早隔离，早封城哪能遍布全国啊,1月27日 04:51,21.0,政府早上报早隔离早封城哪能遍布全国,NaN,0,0.99743
你这话说的一点没毛病,1月26日 23:45,13.0,这话说一点毛病,NaN,0,0.986469
确实是这样，不是武汉人，但特别能理解,1月27日 00:04,9.0,确实武汉特别理解,NaN,1,0.542825
唉不是所有武汉人都那么混蛋我舍友作为武汉人她们全家包括亲戚都没有走动老实家里蹲她们承受的压力也很大,1月27日 09:17,6.0,武汉混蛋舍友武汉全家包括亲戚走动老实家里蹲承受压力很大,NaN,0,0.987364
我从一开始听到之后开始担心，然后几次听到武汉政府和专家说不会人传人，目前未发现人传人，可防可控，才放心让家人回到湖北，直到钟南山院士说了确定人传人之后开始恐慌，但是那时候该回家的已经回家了，在武汉的学生也都回家了，我真的不懂，关系全国人民的安危，怎么可以就这么不负责任地随口一说,1月27日 09:17,8.0,听到担心几次听到武汉政府专家说传人未发现传人防可控放心家人回到湖北钟南山院士说传人恐慌回家回家武汉学生回家真的懂关系全国安危不负责任随口一说,NaN,0,0.982532
对！我家附近有人20号还从武汉回来，而且还不让别人说，还好当地政府出面啦，我们谴责的是这些人,1月27日 08:48,3.0,我家有人20号武汉回来不让说还好当地政府出面谴责,NaN,0,0.979192
理解往出跑的人我在外地都吓的够呛何况本地人放你你不跑吗这个是人之常情可出现症状哪怕自己想办法在酒店自我隔离呢也不该那会到处乱跑公共交通坐遍不单指武汉还有好些本地归家的已经确诊了又从医院往出跑,1月27日 07:41,2.0,理解往出跑外地够呛本地人放跑人之常情症状想办法酒店自我隔离不该那会乱跑公共交通坐遍指武汉好些归家确诊医院往出跑,NaN,0,0.97953
500万人里面我们坚信有很多是不知情的，是在武汉政府欺瞒信息的情况下，按正常春运规划离开武汉。甚至，我们气愤的也不是那些因为医疗紧缺，想办法出来就医然后主动自我隔离的武汉人民。可那些明知感染，还逃离并四处游荡玩耍，甚至在各种社交网络平台炫耀的人，他们对于自己和他人的生命，毫无尊重。,1月26日 23:29,4504.0,500万人坚信不知情武汉政府欺瞒信息情况春运规划离开武汉气愤医疗紧缺想办法就医主动自我隔离武汉明知感染逃离四处游荡玩耍社交网络平台炫耀生命尊重,NaN,0,0.994793
你说的这种人，全国人可唾骂！博主也是这意思～,1月26日 23:44,254.0,说全国唾骂博主,NaN,0,0.821936
对，虽然不是武汉人，但一直在试图讲道理。更多武汉本地人没有走，即便走了的也是很多返乡务工人员，他们大多是农民工很多事情更不懂，也有很多回家并不知情，知情后害怕更想回家。毕竟我们的传统，就算死也要叶落归根。还有因为资源不够想要逃离求医并且自驾出行，注意自我隔离只想有医生看看他们而已,1月26日 23:49,135.0,武汉试图讲道理武汉本地人走走返乡务工人员农民工事情懂回家不知情知情害怕更想回家传统死叶落归根资源想要逃离求医自驾出行自我隔离只想医生,NaN,0,0.927609
我很生气，学校1月8号放假，我9号到家。如果武汉提前说，我是不会回家的。绝对不会的。留在学校里，也比到处走，坐15个小时火车回家安全。我很生气。,1月26日 23:50,91.0,生气学校月号放假号家武汉提前说回家留在学校里走坐15小时火车回家生气,NaN,0,0.999828
你说的那种老鼠屎，我们武汉人，也很生气很唾弃他们的。,1月27日 01:10,54.0,说那种老鼠屎武汉生气唾弃,NaN,0,0.999228
这种明知道有症状还跑出去的垃圾有天回来了我们武汉人都要当街捶死他！,1月27日 01:25,37.0,明症状跑出去垃圾有天回来武汉当街捶死,NaN,0,0.999818
我出去玩时加了个马来西亚华裔，她今天发信息，在新山，有个孩子出现疑似症状，他爸爸坚决不隔离，要坐飞机回国！是的，我们骂的是这种！只是偶尔气极用“武汉人”代替了“武汉那部分明知带病还瞎逛”，因为称谓太长了向每一位善良的武汉人致歉！,1月27日 03:05,33.0,出去玩时加马来西亚华裔发信息新山有个孩子疑似症状爸爸隔离坐飞机回国骂气极用武汉武汉明知带病瞎逛称谓太长一位善良武汉致歉,NaN,0,0.983934
当时武汉领导亲口说不会人传人,1月27日 01:34,24.0,武汉领导亲口说传人,NaN,0,0.78473
明知感染到处乱跑的人真的应该被骂！,1月26日 23:50,23.0,明知感染乱跑真的骂,NaN,0,0.998499
真的可恨把自己隔离好送医院救自己命我觉得做的很对但抱着自己不好过别人也不能好过想法的这种人真该死希望他们没有下辈子,1月27日 00:09,16.0,真的可恨隔离送医院救命做抱不好过好过想法人真该死希望下辈子,NaN,0,0.999773
是的，武汉是华中地区最大的城市体，常住人口有1400万，现在又是春节放假的高峰，500万人离开武汉很正常。而且，这500万人当中至少300万都是回了武汉周边城市的湖北老家。至少120万是大学生，外来务工人员和来旅游人员等等，而且并不是每个都感染了病毒。所以不用过度恐慌，最惨的是武汉周边的湖北城市,1月27日 01:42,15.0,武汉华中地区城市体常住人口1400万春节放假高峰500万人离开武汉500万人至少300万回武汉周边城市湖北老家至少120万是大学生外来务工人员旅游人员感染病毒不用过度恐慌最惨武汉周边湖北城市,NaN,2,0.924614
博主也觉得这种人该骂，只是他希望在骂得时候不要带上，武汉人，这三个字,1月27日 00:41,15.0,博主人该骂希望骂带上武汉三个字,NaN,0,0.980941
图片评论¡评论配图,1月27日 02:27,6.0,图片评论¡评论配图,NaN,NaN,NaN
天上九头鸟，地上湖北佬，都加点小心吧，明知道自己有病还不带口罩出去传播，这安的什么心。,1月27日 03:48,5.0,天上九头鸟地上湖北佬加点小心明有病不带口罩传播这安心,NaN,0,0.99907
对啊！身为湖北人，每天都看到好多人骂湖北，骂武汉，真的会很心痛！并不是所有从武汉出来的人都是故意的！而那些选择在这时当逃兵的人，会遭人唾弃！,1月27日 08:47,2.0,身为湖北好多骂湖北骂武汉真的心痛武汉选择逃兵遭人唾弃,NaN,0,0.985434
对，我离开武汉的时候并不知道病毒的严重性，我们学校的同学们几乎都没太重视真不是故意的,1月26日 23:03,2932.0,离开武汉并不知道病毒严重性学校同学们太重视真不是故意,NaN,0,0.981648
对，我离开武汉的时候并不知道病毒的严重性，我们学校的同学们几乎都没太重视真不是故意的,1月26日 23:03,2932.0,离开武汉并不知道病毒严重性学校同学们太重视真不是故意,NaN,0,0.981648
别说你们没重视，武汉政府都没重视,1月26日 23:44,1079.0,重视武汉政府重视,NaN,0,0.999216
我们说武汉人不是针对你们全部只是说那些明明知道有已经说不要乱跑还故意的人🙏我们都可以挺过去相信祖国,1月26日 23:54,510.0,说武汉说明明说乱跑🙏挺祖国,NaN,NaN,NaN
是的，11号离开武汉，真的完全不知道这么严重，前一周闷在学校搞课设，真的不是我们故意‘逃》’走的,1月26日 23:43,385.0,11号离开武汉真的前一周闷学校搞课设真的逃走,NaN,0,0.997966
这事真的是醉了。怪政府开始不重视。我不在武汉也不是武汉人。开始看播报过。后面就是都治好出院了。完全没觉得严重。大家也都没有重视起来。后面一发不可收拾了传播到处都是才开始隔离。封城都封晚了。真的不想说这个湖北ZF,1月26日 23:53,184.0,事真的醉政府重视不在武汉武汉播报都治好出院重视一发不可收拾传播隔离封城封晚真的不想说湖北ZF,NaN,0,0.999806
不怪你，你能意识到要重视并且注意不出门居家隔离，就是很棒的,1月26日 23:43,132.0,不怪意识重视出门居家隔离很棒,NaN,2,0.869393
对于你们，我抱着同情的态度，可那些明明有症状还要吃药隐藏病情外出的不管哪里人真的很可恶，如果你没有感染，希望你健康，如果你感染了，希望你早日康复，加油！,1月26日 23:57,127.0,抱同情态度明明症状吃药隐藏病情外出真的可恶感染希望健康感染希望早日康复加油,NaN,0,0.931245
不怪你们不知情的，我们骂的是那些知道自己有问题或者都通知了封城还全世界到处跑的憨批,1月26日 23:52,72.0,不知情骂通知封城全世界到处跑憨批,NaN,0,0.999583
不用过分责怪自～及时关注自己的身体问题及时上报就好了,1月26日 23:42,60.0,不用过分责怪关注身体上报,NaN,2,0.95866
对的……我就31号紧张了一天结果后来一点动静都没还说没事七号就放假回家了,1月26日 23:44,71.0,31号紧张一点动静说没事七号放假回家,NaN,0,0.815191
只要你们不乱跑，在家自行隔离，去医院和当地警务报备，至少你们是负责的，最讨厌的是那种明知道这种情况，还四处游走的人！,1月26日 23:49,38.0,乱跑在家自行隔离医院警务报备至少负责讨厌那种明情况四处游走,NaN,0,0.997296
武汉是华中地区最大的城市体，常住人口有1400万，现在又是春节放假的高峰500万人离开武汉很正常。这500万人当中至少300万都是回了武汉周边城市的湖北老家。至少120万是大学生返乡，其次才是外来务工人员等等，而且并不是每个都感染了病毒。所以不用过度恐慌，最惨的是我们武汉周边的湖北城市,1月27日 01:46,38.0,武汉华中地区城市体常住人口1400万春节放假高峰500万人离开武汉500万人至少300万回武汉周边城市湖北老家至少120万是大学生返乡外来务工人员感染病毒不用过度恐慌最惨武汉周边湖北城市,NaN,2,0.965417
封城前离开不是问题，就是疫情明朗后应该自我隔离14天，不要到处跑,1月26日 23:47,30.0,封城前离开疫情明朗自我隔离14天到处跑,NaN,0,0.925226
没关系！！！我们也根本没有人怪罪你们骂的都是吃野味的憨批和明知有病还四处乱窜的人！！你们不管是不知情的还是乖乖在家配合防疫的都是最棒的崽都会好起来的！！会健健康康的！,1月27日 01:59,20.0,没关系怪罪骂吃野味憨批明知有病四处乱窜不知情乖乖在家配合防疫棒崽健健康康,NaN,0,0.986157
武汉政府捂着，有人报还抓,1月26日 23:48,30.0,武汉政府捂着有人报抓,NaN,0,0.569222
武汉的流动人口就有500万，占武汉本地人的1/3，1月10号春运，23号封城，不都是武汉人，有学生和返乡的人，只能说ZF不作为,1月26日 23:07,1647.0,武汉流动人口500万占武汉本地人月10号春运23号封城武汉学生返乡只能说ZF,NaN,0,0.906884
武汉的流动人口就有500万，占武汉本地人的1/3，1月10号春运，23号封城，不都是武汉人，有学生和返乡的人，只能说ZF不作为,1月26日 23:07,1647.0,武汉流动人口500万占武汉本地人月10号春运23号封城武汉学生返乡只能说ZF,NaN,0,0.906884
我想说的是常驻人口≠武汉人外地在武汉工作落户就变成了武汉籍但是人家过年还是要回老家啊…再说之前又没接到通知…现在留下的大部分是武汉本地人，小部分是放假放的晚没来的急回去的,1月26日 23:51,73.0,想说常驻人口≠武汉外地武汉工作落户武汉籍过年回老家接到通知留下大部分武汉本地人放假放晚没来急回去,NaN,0,0.885849
我就是那九百万武汉市籍中的一员。我们家人从知道疫情严重后至今8天没有出过门了。真的很恨那些给武汉招黑的人日子已经够难过了！还要贱不搂搜的顶着武汉人三个字干坏事！还有去骂那些向武汉伸出援手的人！害得我们这些本分呆着的人一起被骂得抬不起头！,1月27日 01:44,63.0,九百万武汉市籍中一员家人疫情天过门真的恨武汉招黑日子够难过贱搂搜顶武汉三个字干坏事骂武汉伸出援手害本分呆骂抬,NaN,0,0.998186
是的，武汉是华中地区最大的城市体，常住人口有1400万，现在又是春节放假的高峰500万人离开武汉很正常。这500万人当中至少300万都是回了武汉周边城市的湖北老家。至少120万是大学生，外来务工人员和来旅游人员等等，而且并不是每个都感染了病毒。所以不用过度恐慌，最惨的是我们武汉周边的湖北城市,1月27日 01:44,40.0,武汉华中地区城市体常住人口1400万春节放假高峰500万人离开武汉500万人至少300万回武汉周边城市湖北老家至少120万是大学生外来务工人员旅游人员感染病毒不用过度恐慌最惨武汉周边湖北城市,NaN,2,0.939264
看看这个博主这两天发的博文，全是一些可怜的求助博文，挣扎在死亡线上，随时和家人阴阳两隔，他们做错了什么？有的人甚至医药费都付不起了，在这个时候居然还有人洗地说当官的没错？我真希望看见这些人全家族躺进ICU，治得倾家荡产还是一个死，我看他们还会不会说当官的没错，自己罪有应得？,1月31日 01:44,2.0,博主两天发博文全是可怜求助博文挣扎死亡线家人阴阳两隔做错医药费付人洗说当官没错真希望人全家族躺进ICU治得倾家荡产死还会说当官没错罪有应得,NaN,0,0.999862
1月10号春运，23号才意识到严重性封城，24号除夕，该走的也都走了,1月27日 11:38,5.0,月10号春运23号意识严重性封城24号除夕走走,NaN,0,0.940154
李兰娟院士说过已经给武汉自己控制人员流动的机会，是武汉自身没有管理好，最终高层当机立断马上封城，如此输出危险因素太惊人了。,1月27日 07:11,12.0,李兰娟院士说武汉控制人员流动机会武汉管理最终高层当机立断封城输出危险因素太惊人,NaN,2,0.577759
我还在武汉旁边的小城市黄石上学，1.13号回家在武汉站中转2小时，现在都隔离了。,1月27日 00:00,9.0,武汉旁边城市黄石上学1.13号回家武汉站中转小时隔离,NaN,1,0.529924
博主不要太忧心，其实大家骂的更多的是憨批hbzf和whzf,1月26日 23:42,6.0,博主太忧心骂憨批hbzfwhzf,NaN,0,0.911114
图片评论¡评论配图,1月27日 00:41,9.0,图片评论¡评论配图,NaN,NaN,NaN
我们承认大部分武汉人是自觉的，但是确实少部分武汉人很过分，好多省市第一例都是武汉本地人出来探亲，内蒙古那个还是武汉人自驾去的，我看新闻新加坡、加拿大、日本第一例也都是武汉本地人，不过反正哪儿都有这么自私的人，还是市政府采取的措施太晚,1月27日 11:12,6.0,承认大部分武汉自觉确实少部分武汉过分好多省市第一例武汉本地人探亲内蒙古武汉自驾新闻新加坡加拿大日本第一例武汉本地人反正自私市政府措施太晚,NaN,0,0.985069
秋后总账肯定会算，但是现在省ZF各级都在一线工作，先不要骂,1月27日 15:46,无,秋后总账肯定会算省ZF一线工作先骂,NaN,0,0.642048
对于回家的人真的是人之常情。换你，在没症状的情况下，是回到家自我隔离还是在物资有短缺征兆的围城里？但是，回到一线城市以下的就蠢了点了，万一发生事，这病谁给你治？,1月27日 05:22,5.0,回家真的人之常情换症状情况回到家自我隔离物资短缺征兆围城里回到一线城市蠢点发生事这病治,NaN,0,0.999676
政府也不能啥都不确定就封城吧不作为夸张了,1月27日 07:23,1.0,政府封城夸张,NaN,0,0.999439
@浮游生物---,1月27日 04:46,无,浮游生物,NaN,2,0.703171
唉，除了个别几个憨批，其他人也是受害者啊。留在城里的更是心疼。,1月26日 23:03,1175.0,几个憨批其他人受害者留在城里更是心疼,NaN,0,0.999621
唉，除了个别几个憨批，其他人也是受害者啊。留在城里的更是心疼。,1月26日 23:03,1175.0,几个憨批其他人受害者留在城里更是心疼,NaN,0,0.999621
我是武汉本地人，从21号知道疫情严重性再也没出过门，食物都是婆婆过年准备的，但是没有青菜，已经有7天没吃过青菜了，真的被ZF坑惨了,1月27日 23:09,3.0,武汉本地人21号疫情严重性再也过门食物婆婆过年青菜天没吃过青菜真的ZF坑惨,NaN,0,0.994635
是的，感觉大家都挺可怜的，希望疫情尽快得到控制，希望已经感染的同胞尽快得到治愈,1月27日 22:10,无,感觉挺可怜希望疫情控制希望感染同胞治愈,NaN,2,0.871131
回复@super妮妮妮:哦那谢谢你啦,1月27日 20:09,无,回复er妮妮妮谢谢,NaN,2,0.994406
我知道出城的有上百万，但是这些人每个都是带着恶意出城的?那些急着回家过年的农民工和学生都是带着恶意出城的?谁张口就来?我说的个别是指那种确诊或者疑似感染的还要往外跑的人。,1月27日 18:16,2.0,出城上百万恶意出城急回家过年农民工学生恶意出城张口说指那种确诊疑似感染往外跑,NaN,0,0.986572
bg,1月27日 17:59,无,bg,NaN,2,0.970267
封城的感受我算是体会了，太可怕了，我焦虑症犯了，每天心慌失眠。,1月27日 15:40,3.0,封城感受算是体会太可怕焦虑症犯心慌失眠,NaN,0,0.92992
回复@米喵_mi:我骂的就是私自出去的憨批别对号入座,1月27日 14:21,无,回复米喵mi骂私自憨批别对号入座,NaN,0,0.996105
不只是几个憨批吧……这海鲜市场据说生意很火，看这次国家应该严厉打击吃野生动物的g和贩卖捕杀的,1月27日 13:23,2.0,几个憨批海鲜市场生意很火国家严厉打击吃野生动物g贩卖捕杀,NaN,0,0.973183
回复@猫爷相公:30万里有多少人都是在疫情发布前很早就买好票了的呢？得知自己有病还乱跑的相比留守的就是少数,1月27日 12:21,3.0,回复猫爷相公30万里疫情发布前早就买好票得知有病乱跑相比留守,NaN,0,0.890193
不是个别是30万,1月27日 12:04,3.0,30万,NaN,0,0.996519
没有啊，我们留在武汉的自我感觉还不错，好不容易有在家休息就可以为国家做贡献的时候每天就是吃吃喝喝睡睡玩玩,1月27日 11:25,无,留在武汉自我感觉不错好不容易在家休息国家做贡献吃吃喝喝睡睡玩玩,NaN,2,0.976207
回复@沙雕娜焦:那留在本地的990万人就该死嘛？,1月27日 11:25,无,回复沙雕娜焦留在990万人该死,NaN,0,0.998884
默默忍受歧视的武汉人民,1月26日 23:07,1040.0,默默忍受歧视武汉,NaN,0,0.96031
嗨，没事，我们湖北人一起扛！,1月26日 23:41,241.0,嗨没事湖北扛,NaN,2,0.997902
大家骂的都是无作为的zf和明明发烧咳嗽还要逃出来的人。加油，一定可以挺过去的🙏,1月26日 23:46,171.0,骂zf明明发烧咳嗽逃出来加油挺🙏,NaN,NaN,NaN
我是湖北人，也是武汉上班返乡后听到封城消息的，回家后自觉隔离，数天过日子计算潜伏期，担惊受怕自己真的感染病毒，也怕传给家里老人小孩，还要忍受网上铺天盖地骂我们是出逃的人，很难受真的，难道不是有罪的人才需要出逃吗？大部分人都是去武汉工作谋生的，这也有罪吗？我真不知道我们犯了什么罪！,1月26日 23:52,125.0,湖北武汉上班返乡听到封城消息回家自觉隔离数天过日子计算潜伏期担惊受怕真的感染病毒传给家里老人小孩忍受网上铺天盖地骂出逃难受真的有罪人才出逃大部分武汉工作谋生有罪真不知道犯罪,NaN,0,0.999715
抱抱，我们没有歧视你们。你们在武汉也要照顾好自己，要多梳理情绪！做好防护！千万不能崩溃了！你的身后还有国家还有我们,1月26日 23:52,95.0,抱抱歧视武汉照顾梳理情绪做好防护崩溃身后国家,NaN,0,0.665545
坐标西安真心没有歧视你们，我们都知道是一颗老鼠屎害了一锅汤，我们憎恨的是吃野味的人和恶意传播的人还有不作为的zf我们很感谢你们，牺牲自己的利益义无反顾的封城防止病毒继续扩散你们很棒，等事情过去了，欢迎你们来做客我们一起加油,1月26日 23:55,79.0,坐标西安真心歧视一颗老鼠屎害锅汤憎恨吃野味恶意传播zf感谢牺牲利益义无反顾封城病毒扩散很棒事情做客加油,NaN,0,0.607808
我们河南人一直以来被歧视偷井盖，好像我们每个河南人都偷井盖一样，加油！,1月26日 23:50,87.0,河南人歧视偷井盖好像河南人偷井盖加油,NaN,0,0.813921
今天看到武汉人民被个别惊慌导致不理解的浙江同胞骂是垃圾，真的是气死我了，回了她一句，然后她情绪激昂的回了我四句，看完气死我了，但是我还是没回她，直接拉黑了，我觉得打这些嘴仗没有意义，这个时候我们湖北是一体的，不只是武汉人被歧视，湖北人民同在！,1月26日 23:55,61.0,武汉惊慌导致理解浙江同胞骂垃圾真的气死我了回一句情绪激昂回四句完气死我了没回拉黑嘴仗意义湖北一体武汉歧视湖北,NaN,0,0.999917
不歧视武汉，都是中国人，困难面前团结第一，戴好口罩，保护好自己,1月26日 23:45,64.0,歧视武汉中国困难面前团结第一戴好口罩保护,NaN,2,0.978204
现在歧视的可不止武汉人民了，谈鄂色变外省人眼里，湖北人已经全病了,1月27日 02:01,37.0,歧视武汉谈鄂色变外省人眼里湖北全病,NaN,0,0.990903
没有没有虽然我恨死了那些带病来云南故意传播病情的人但我恨他们不是因为是武汉人他们无论是哪里人都是臭蛆一条要是这些人是我家人我也会毫不犹豫的举报并唾弃讨厌他们一辈子武汉加油,1月27日 00:22,22.0,恨死带病云南传播病情恨武汉无论是蛆一条我家毫不犹豫举报唾弃讨厌一辈子武汉加油,NaN,0,0.99913
湖北人一起扛都会过去的。春天武汉的樱花真的很美,1月26日 23:45,30.0,湖北扛春天武汉樱花真的美,NaN,2,0.999981
心疼武汉人！感谢武汉人！很多离开的都不是武汉人，反而是返乡务工人员或者大学生，他们大多数也是不知情的，大家能不能理性一点，这个锅是谁的难道心里没数吗,1月27日 00:06,20.0,心疼武汉感谢武汉离开武汉返乡务工人员大学生不知情理性一点锅没数,NaN,0,0.952107
看看热评第一，都在追着骂武汉人呢,1月27日 00:44,16.0,热评第一追骂武汉,NaN,0,0.968655
看了看基本大部分都是善意理解的留言，十分感谢你们。被疫情连累，还帮我们说话。说再多也没用，希望疫情早日过去！哈哈，都在湖北，我们也算是同甘共苦了！加油！一起加油！。,1月26日 23:26,860.0,大部分善意理解留言感谢疫情连累帮说话说没用希望疫情早日湖北算是同甘共苦加油加油,NaN,2,0.999849
没什么连累不连累的！你们也是被连累的人！该骂的是吃野味的！是有病四处乱跑的！是伤医不配合的！,1月26日 23:54,16.0,没什么连累连累连累骂吃野味病四处乱跑伤医配合,NaN,0,0.999941
我想除了那些明知道自己身体不舒服还到处跑的缺德人之外有一部分人在20号之前出来真的不是故意因为当时都觉得不严重现在可能也是进退两难的局面不管怎么样加油吧,1月26日 23:47,11.0,想明身体舒服到处跑缺德之外一部分20号真的不是故意进退两难局面加油,NaN,0,0.980605
出问题是某些吃野味的憨批，是明知病毒传染，甚至自己发热还要跑出武汉的人。只是这次爆发源在于武汉某些人吃了野味，但其他地区的某些人，也不是没有吃野味的人，所以我的谴责的从来不是武汉人，而且一些披着人皮的恶魔,1月26日 23:46,10.0,吃野味憨批明知病毒传染发热跑武汉爆发源武汉吃野味地区吃野味谴责从来不武汉披着人皮恶魔,NaN,0,0.987012
没有帮你们说话，因为你们也是受害者，我们维护你们是我们应该做的。大家一起，度过难关，一切都会好的，待春暖花开，一起去武汉看樱花,1月27日 00:15,4.0,帮说话受害者维护做度过难关春暖花开武汉樱花,NaN,0,0.994433
后来生病的人都是被连累啊，大多数人都是善良的，没有人想祸害别人啊，这样子会良心不安的，所以不论是湖北人还是谁，都应该多注意多小心，因为我们大多数人都是爱自己也爱同胞的,1月27日 08:59,2.0,生病连累善良人想祸害样子良心不安不论是湖北小心爱爱同胞,NaN,1,0.545807
你们也是被连累的呀，这病毒又不是武汉人造出来的，跟你们没关系，还是吃野味那些人还有wh政府的事，你们最可怜，抱抱你,1月27日 00:10,2.0,连累病毒武汉人造没关系吃野味wh政府事可怜抱抱,NaN,0,0.999525
我心疼那些留在武汉的人，希望他们都可以好好的，也一定会好的！像那些跑出来直接去医院的，也可以理解。但是明知道自己有症状，或者知道不让往外跑了，还跑出来到处玩儿，或者二十几号从外地赶回去再返回的，活该被骂，真的。我非常不理解这种人的脑回路，都是什么奇葩玩意儿，骂也只骂他们,1月27日 08:40,2.0,心疼留在武汉希望好好跑医院理解明症状不让往外跑跑玩儿二十几号外地赶回去返回活该骂真的理解脑回路奇葩玩意儿骂骂,NaN,0,0.999706
都会好起来的加油,1月27日 00:27,无,加油,NaN,2,0.999942
加油啊保护好自己,1月27日 00:07,无,加油保护,NaN,2,0.999483
加油，武汉人民真的受苦了,1月27日 00:01,1.0,加油武汉真的受苦,NaN,2,0.967721
就喜欢你这种乐观的,1月27日 00:00,1.0,喜欢乐观,NaN,2,0.999868
我妈妈一个平时最爱看韩剧的人，现在守在电视机前常看的也只有新闻联播了,1月27日 23:03,无,妈妈平时爱看韩剧守电视机前常新闻联播,NaN,2,0.986094
本身最该死的是四类人，第一类买卖野生动物的，第二类给国家添乱到处跑的，第三类离开后不自我隔离14天还到公共场所乱窜的，第四类是搞分裂恶意辱骂真心帮助武汉的朋友的键盘侠。然后最该致敬的唯有三类人：一是留守的武汉良民，二是奔赴一线的医疗人员和士兵，三是无私奉献捐款的社会各界人士和企业！,1月27日 23:01,无,该死四类人第一类买卖野生动物第二类国家添乱到处跑第三类离开自我隔离14天公共场所乱窜第四类搞分裂恶意辱骂真心武汉朋友键盘侠最该致敬三类一是留守武汉良民二是奔赴一线医疗人员士兵三是无私奉献捐款社会各界人士企业,NaN,1,0.51746
估计憨批市长的500万话一出，湖北人又得受委屈被骂，我特么的16号回京，原计划也没在汉过年，回来就隔离了，还主动联系了人所在地社区，目前状况也正常，恐怕我也为这500万做贡献了吧，但我特么的是故意要逃的吗？我要知道打死我也不走啊,1月26日 23:29,707.0,估计憨批市长500万话一出湖北受委屈骂我特16号回京原计划汉过年回来隔离主动所在地社区状况500万做贡献特逃我要打死走,NaN,0,0.999511
估计憨批市长的500万话一出，湖北人又得受委屈被骂，我特么的16号回京，原计划也没在汉过年，回来就隔离了，还主动联系了人所在地社区，目前状况也正常，恐怕我也为这500万做贡献了吧，但我特么的是故意要逃的吗？我要知道打死我也不走啊,1月26日 23:29,707.0,估计憨批市长500万话一出湖北受委屈骂我特16号回京原计划汉过年回来隔离主动所在地社区状况500万做贡献特逃我要打死走,NaN,0,0.999511
说实话也要骂，不说实话也要骂，市长表示也很难啊，大多数人骂得不是武汉人也不是湖北人，而是那些明知道自己可能已经感染，还赶紧出逃，千里送毒的人！,1月26日 23:57,135.0,说实话骂说实话骂市长难骂武汉湖北明感染赶紧出逃千里送毒,NaN,0,0.999915
其实这个市长一直在一线也挺不容易的,1月27日 00:04,118.0,市长一线挺,NaN,2,0.964485
其实这个市长一直都在线，从视频看出来都憔悴了。,1月27日 00:09,97.0,市长在线视频憔悴,NaN,2,0.785818
我18号走的，17号还在汉口和同学耍了一下午，那时候根本不知道疫情严重，出门说戴口罩也忘了，20号之前的武汉一片祥和，回来就爆发了，我每天都在刷新闻，想起自己17号在汉口18号从武汉站走就后怕，我们家还因为这事闹的不可开交要是早告诉我疫情这么严重，我就不会到处跑了,1月27日 00:00,66.0,18号走17号汉口同学耍下午疫情出门说戴口罩忘20号武汉祥和回来爆发刷新闻想起17号汉口18号武汉站走后怕家这事闹早告诉疫情到处跑,NaN,0,0.994776
你不用有任何心里负担，我倒是看现在有很多人吓傻了，脑子都不清楚了，武汉人才是最大的受害者,1月27日 00:01,40.0,不用负担吓傻脑子武汉人才受害者,NaN,0,0.871808
但是真的也有很多50岁左右的人，得了病还不知道自己是怎么回事，到处跑，就以为是普通感冒。这样的大有人在～,1月27日 00:09,29.0,真的50岁病怎么回事到处跑感冒大有人在,NaN,0,0.918128
可以人肉这个市长了解一下他没错个别新年刚领到新键盘的憨批们别指责了好吗,1月27日 00:11,18.0,肉市长没错新年领到新键盘憨批们指责,NaN,0,0.661246
大家讨厌的是明知故犯的那一些人,1月26日 23:57,20.0,讨厌明知故犯,NaN,0,0.896599
湖北人，好战，不团结，精明，轻生死重恩仇，明知自己身上有病还不带口罩四处浪，天上九头鸟，地上湖北佬，老祖宗的话要谨记！,1月27日 06:14,10.0,湖北好战团结精明轻生死重恩仇明知身上有病不带口罩四处浪天上九头鸟地上湖北佬老祖宗谨记,NaN,2,0.683676
我21号还正常坐地铁去上班，下午还去逛街了晚上看网上感觉有点严重了，第二天醒来更加严重，从此门都没出了！,1月27日 00:03,16.0,21号坐地铁上班下午逛街晚上网上感觉第二天醒来门没出,NaN,0,0.949717
今天下午还看到好多浙江人民因为网上的言论骂武汉。现在又爆出来这个，好不容易全国人民有所消化了又被丢了个爆炸信息。哎，不知道说什么好了。,1月27日 00:10,13.0,今天下午好多浙江网上言论骂武汉爆好不容易全国消化丢爆炸信息说,NaN,0,0.996961
跟你一样自我隔离不出门最近都是太无辜我们太信任官方根本不知道啊,1月26日 23:36,14.0,自我隔离出门太无辜太信任官方,NaN,0,0.995352
你咋这么棒啊！腰都是你这种人事情也不会发展到现在我们不会怪你这种乖崽的！！！大家都分得清武汉人和武憨人哈哈哈哈,1月27日 02:04,8.0,棒腰事情发展乖崽分得清武汉武憨人哈哈哈哈,NaN,2,0.797203
你离开后主动隔离也还好，有的人在20号走的明明身体有异状，乘坐公共交通不说了，回来继续逛街去人多的地方不戴口罩，这是恶意传播，这种我真不能原谅！,1月27日 04:02,3.0,离开主动隔离还好20号走明明身体异状乘坐公共交通说回来逛街地方不戴口罩这是恶意传播真原谅,NaN,0,0.987449
对不起原谅不了身边已经有人为此去世了,1月26日 23:42,335.0,对不起原谅身边有人去世,NaN,0,0.995728
对不起原谅不了身边已经有人为此去世了,1月26日 23:42,335.0,对不起原谅身边有人去世,NaN,0,0.995728
原谅不了也不会过分责怪.我不是圣母只是个普通的人做不到死神在身边还笑着拥抱.只求疫情能够得到抑制.之后吃野生动物会被判刑。而不是在这原谅这个原谅那个.,1月27日 00:44,191.0,原谅过分责怪圣母做不到死神身边笑拥抱只求疫情抑制吃野生动物判刑原谅原谅,NaN,0,0.971917
我的医生叔叔我朋友的爷爷我身边很多认识的好人都因为这个病死了原不原谅无所谓但求不要用一句武汉人抹杀掉所有现在仍然坚守在武汉的人的希望。我们才是真正的武汉人有些人并不配,1月27日 01:49,136.0,医生叔叔朋友爷爷身边好人病死原原谅无所谓但求一句武汉抹杀掉坚守武汉希望武汉不配,NaN,0,0.55097
反正武汉人就是说出来的全是流动人口呗,1月27日 00:08,104.0,反正武汉全是流动人口,NaN,0,0.941504
没办法不怪南方发展迅速经济优越当然值得骄傲但是吃这些野生动物不管是故意还是不故意的都是传染了很多人对国家造成了这么大的恐慌.对群众造成了这么大的危害.让多少人害怕难过让多少人患病圣母也要有个限度,1月27日 00:40,80.0,办法南方发展经济优越值得骄傲吃野生动物传染国家恐慌群众危害害怕难过患病圣母限度,NaN,0,0.997005
三个人两个怼的都是湖北的,1月26日 23:59,56.0,三个两个怼湖北,NaN,2,0.908088
恭喜那位51区成功为武汉抹黑原po的努力真是被你这种憨批毁掉了你是真不配做武汉人,1月27日 06:48,50.0,恭喜那位51区成功武汉抹黑原po努力憨批毁掉真不配做武汉,NaN,0,0.998321
回复前面那个51区，@我的51区:人层主半个字没提整个武汉人，就你在这阴阳怪气，还骂人。素质真低，别给湖北武汉丢脸了。客观来讲，我之前的其他评论只针对离开疫区还不自我隔离的人，且这些人里只有部分是武汉人。现在还要加上你这样的,1月27日 00:38,52.0,回复51区51区人层主半个字提武汉阴阳怪气骂人素质真低湖北武汉丢脸客观评论离开疫区自我隔离人里武汉,NaN,0,0.999969
真的无语了，51区的，动动手指头搜搜云南？好好看看，有多少湖北本地人我真的吐了，带病过来还要包吃包住，你们是没做错什么，那我们又做错什么呢，真的恶心，21号还过来玩，越想越气,1月27日 08:01,50.0,真的无语51区动动手指头搜搜云南好好湖北本地人真的吐带病包吃包住做错做错真的恶心21号玩越想越气,NaN,0,0.999995
我们这第一例也是从武汉回来的，回来之后唱歌聚会美容院还逛了市里人流最大的购物中心，之后又去了一家医院，医院的几个医生护士都被感染了，整个医院被封闭了，还不清楚当时在外头感染了多少人，这个病人确诊之后在医院差点死了，重症，住的地方离我家两条街，人心惶惶,1月27日 08:52,38.0,第一例是从武汉回来回来唱歌聚会美容院逛市里人流购物中心一家医院医院几个医生护士感染医院封闭外头感染病人确诊医院差点死重症住地方我家两条街人心惶惶,NaN,0,0.98143
博主说的是希望大家原谅那些不知情离汉的人，层主说的是不原谅那些吃野味的b，有些人搞清楚,1月27日 05:56,38.0,博主说希望原谅不知情离汉层主说原谅吃野味b搞清楚,NaN,0,0.781787
也没求你原谅，想太多,1月26日 23:50,33.0,没求原谅想太多,NaN,0,0.989286
看微博看到四点多，真的无力，我和我的家人朋友还有绝大部分的武汉人明明什么都没做…现在待在家不敢出门，网上看到住附近的人求助家人感染医院没有床位，我姐和我哥还要去医院上班，医院防护服又不够，网上又有好多人骂武汉人，而且可以看出他们不是职业喷子，自己甚至可以明白他们为什么骂,1月27日 04:51,22.0,看微博四点真的无力家人朋友绝大部分武汉明明做在家出门网上住求助家人感染医院床位我姐我哥医院上班医院防护服网上好多骂武汉职业喷子明白骂,NaN,0,0.999564
不要求原谅，我身处疫区，三个家人以各种身份每天奋战在抗击疫情一线，社区就有人去医院至今没回来。我做好了隔离，从1月2号发动其他人重视。我只有一个要求：不转发带有他人身份证信息的文件，不肆意歧视在疫情爆发后之前不在武汉而无法返乡人，如果你看到这样违法和不道德行为，请不要做帮凶，谢谢了,1月27日 10:53,16.0,原谅身处疫区三个家人身份奋战抗击疫情一线社区有人医院回来做好隔离月号发动其他人重视转发带有身份证信息文件肆意歧视疫情爆发不在武汉返乡违法道德行为请做帮凶谢谢,NaN,0,0.999301
我们这的第一例是武汉回来的，在武汉已经有发热咳嗽症状了也有武汉医院的病历本，下了飞机家都没回直接打车去了医院，其实她可能都自己知道感染了，武汉医院也容不下了，可能让她回家观察了吧，她也不想坐家等死，现在全城因为一个人恐慌，不知道她坐飞机和出租车的时候带没带口罩,1月27日 08:01,18.0,第一例武汉回来武汉发热咳嗽症状武汉医院病历本飞机家没回打车医院感染武汉医院容不下回家观察不想坐家死全城恐慌坐飞机出租车没带口罩,NaN,0,0.944982
感觉主要是政府的问题，让自己的市民难以相信他们了，除了个别恶意逃跑的，大家都是无心的，只能可怜了那些决定留下的人们，是怎么熬过这么多天的,1月26日 23:08,392.0,感觉政府市民难以相信恶意逃跑无心只能可怜留下熬过多天,NaN,0,0.999736
感觉主要是政府的问题，让自己的市民难以相信他们了，除了个别恶意逃跑的，大家都是无心的，只能可怜了那些决定留下的人们，是怎么熬过这么多天的,1月26日 23:08,392.0,感觉政府市民难以相信恶意逃跑无心只能可怜留下熬过多天,NaN,0,0.999736
正打算草拟一个口径向国务院小程序留言，提请对于恶意外逃传播病毒人员一律记入个人征信，对于以后个人贷款买房实施最严的准入门槛。诚实守法便利，失信违法惩戒。不能让其他守法守规的人寒了心～,1月30日 03:06,2.0,正打算草拟口径国务院程序留言提请恶意外逃传播病毒人员一律记入征信贷款买房实施最严准入门槛诚实守法便利失信违法惩戒守法守规人寒心,NaN,0,0.992821
我知道一例，有一个人千里迢迢的跑去内蒙送病毒，零下3.40多度，我姥姥村(山西)里面也有个武汉回来的，一下子传染了七个人，服了,1月27日 19:41,3.0,一例千里迢迢跑内蒙送病毒零下3.40多度姥姥村山西武汉回来一下子传染七个服,NaN,0,0.888566
是的，无辜的都是民众。我们一直骂是ZF太蠢不作为，反过来思考，或许是因为事情闹大了，必须得放出去一部分，各省帮忙分担，否则在资源有限的时候集中一处可能要激起民变……是他们太聪明了。,1月27日 12:52,3.0,无辜民众骂ZF太蠢思考是因为事情闹大放出去一部分各省帮忙分担资源有限一处激起民变太聪明,NaN,0,0.956059
我们家，就我爸上班。我和我妈四天没下楼了…已经开始对着keep打太极了…,1月27日 12:49,无,家爸上班妈四天下楼keep太极,NaN,2,0.589605
知道了会很难过，只希望湖北所有人命平安健康，武汉的亲人朋友家长都平安健康,1月27日 11:46,无,难过希望湖北所有人命平安健康武汉亲人朋友家长平安健康,NaN,2,0.847354
@我的宝贝女儿莹宝去了天堂:打扰了博主请您别删除我的评论感谢您，杀人恶魔宋述一手法残忍灭绝人性，惨绝人寰，自古以来杀人必须偿命，宋述一必须死刑立即执行，感恩所有的好心人关注我女儿的案子🙏。，。,1月27日 10:53,1.0,宝贝女儿莹宝天堂打扰博主请删除评论感谢您杀人恶魔宋述手法残忍灭绝人性惨绝人寰自古以来杀人偿命宋述死刑执行感恩好心人关注女儿案子🙏,NaN,NaN,NaN
回复@愿你与这世界温暖相依:现在各地应该都开始输运物资了，再挺挺总会过去的，只是不知道武汉周边城市怎么样了,1月27日 10:42,1.0,回复愿世界温暖相依输运物资挺挺总会武汉周边城市,NaN,2,0.978821
我很多朋友，同事，家长家里都买没到多少菜，唉，不知道能撑多久,1月27日 09:52,6.0,朋友同事家长家里买没到菜能撑多久,NaN,0,0.947076
一点也没错。,1月27日 08:09,无,一点没错,NaN,2,0.99579
回复@爱吃辣的李阿婆:哈哈哈，安心过这个春节，明年在狂欢,1月27日 07:04,无,回复爱吃辣李阿婆哈哈哈安心春节明年狂欢,NaN,2,0.997773
回复@tangjie2014:你有点儿脑子武汉那么大就几个憨批故意出逃的憨批而已其他大部分人是不知情的！我一个在武汉上学的姐姐18号回来的她真的不知道后来事情严重后她一直失眠待在自己房间不出来每天测体温不让我们去找她玩我21号从天津回家天津一例疑似都没有22号白天全国也不太重视后来才突然着急的！,1月27日 07:00,2.0,回复tangjie2014有点儿脑子武汉几个憨批出逃憨批大部分不知情武汉上学姐姐18号回来真的事情失眠房间测体温不让找玩21号天津回家天津一例疑似22号白天全国太重视着急,NaN,0,0.997625
回复@tangjie2014:同样是人，脑子怎么不好使？,1月27日 06:49,1.0,回复tangjie2014脑子不好,NaN,0,0.999168
回复@tangjie2014:你有病？,1月27日 03:44,无,回复tangjie2014病,NaN,0,0.999419
回复@我要我觉得我超美:你是不是也跑了？还在洗？,1月27日 03:24,1.0,回复我要超美跑洗,NaN,2,0.755436
武汉加油！其实很多跑路的，除了往北上跑的，很多都是返乡的外来务工人员，像本地人其实很多只能待在家中死守着武汉市，希望武汉能好起来，虽然很艰难，但在城里的武汉人都还在努力做对的事，希望武汉能尽快好起来，在这次之后也能尽快重建，继续发展，感恩,1月26日 23:03,292.0,武汉加油跑路北上跑返乡外来务工人员本地人只能家中死守武汉市希望武汉艰难城里武汉努力做事希望武汉重建发展感恩,NaN,2,0.990102
武汉加油！其实很多跑路的，除了往北上跑的，很多都是返乡的外来务工人员，像本地人其实很多只能待在家中死守着武汉市，希望武汉能好起来，虽然很艰难，但在城里的武汉人都还在努力做对的事，希望武汉能尽快好起来，在这次之后也能尽快重建，继续发展，感恩,1月26日 23:03,292.0,武汉加油跑路北上跑返乡外来务工人员本地人只能家中死守武汉市希望武汉艰难城里武汉努力做事希望武汉重建发展感恩,NaN,2,0.990102
回复@老佛爷旁边的小皇帝:我说有很多，不是说武汉本地人出走的没有，是说500w比例多的必然是外来务工人员,1月27日 19:26,无,回复老佛爷旁边皇帝说说武汉本地人出走说500w比例外来务工人员,NaN,0,0.979145
？？？来看我们云南的例子,1月27日 19:03,无,云南例子,NaN,0,0.999233
回复@朝颜是牵牛:对啊，返乡的我们理解，20多号了还旅游的人心是不是有点太大了,1月27日 12:46,无,回复朝颜是牵牛返乡理解20号旅游人心太大,NaN,1,0.503096
回复@乔西quq:不是说武汉人冰清玉洁，是说从成本上看，武汉本地人出走的成本比外来务工人员高，所以从比例上肯定就少，500w人里外来务工人员肯定占大多数，不否认肯定有不好的人刻意跑毒报复社会，但肯定是少数，而且这样的人哪都有，这场灾难无论发生在哪个城市都必然有浑水摸鱼的人，我不是武汉人，我是上海的,1月27日 11:39,5.0,回复乔西quq说武汉冰清玉洁说成本武汉本地人出走成本外来务工人员高比例肯定少500w人里外来务工人员肯定占否认肯定不好刻意跑毒报复社会肯定这场灾难发生城市浑水摸鱼武汉上海,NaN,0,0.999612
回复@芒果柠檬炒酸奶:就我观察确诊病例来看，大多都是返乡、到武汉出差旅游，不是说没有武汉人，但是500w出逃人数里，武汉本地人肯定占少数，因为一个没有地方住(难道到外地住宾馆？)还有一个情感上不会走，这是从常识得出的结论，因为外地人出走直接回家就可以，成本低，本地人出走经济情感成本高，所以少(我上海的),1月27日 11:34,4.0,回复芒果柠檬炒酸奶观察确诊病例返乡武汉出差旅游说武汉500w出逃人数里武汉本地人肯定占地方住外地住宾馆情感走是从常识结论外地人出走回家成本低本地人出走经济情感成本高少上海,NaN,0,0.87265
回复@乔西quq:我认识的有几个就在武汉买房了，为了孩子上学方便，户口就换武汉籍户口，这些人都不是武汉的才能回他们老家过年啊，他们买的车也是鄂a的牌照啊，蛮正常，,1月27日 11:32,3.0,回复乔西quq几个武汉买房孩子上学户口换武汉籍户口武汉回老家过年买车鄂a牌照,NaN,2,0.772705
谢谢加油，我们一定会好的，希望就在明天,1月27日 11:28,无,谢谢加油希望明天,NaN,2,0.999935
不要再甩锅给“外地人”了，多少各省确诊病例明确写明“武汉人”的,1月27日 11:24,12.0,甩锅外地人各省确诊病例写明武汉,NaN,0,0.999274
回复@小小二宝:不是说甩锅，意思是大部分人的确都是在武汉上学工作正常回家的，并没有那么多武汉本地人恶意跑出去，只是个澄清,1月27日 11:13,4.0,回复小小二宝说甩锅大部分武汉上学工作回家武汉本地人恶意跑出去澄清,NaN,0,0.958776
拉倒吧，多少输入性病人都是武汉出来探亲的。20号以后还到处乱跑的我真服。,1月27日 11:12,6.0,拉倒输入性病武汉探亲20号乱跑真服,NaN,0,0.991015
烦不烦啊，“其实都是外地人”，你武汉人是有多冰清玉洁啊，别的地方我不知道不乱说，我家这边头5例都是明明白白的武汉籍武汉人21号以后逃过来千里送毒的，你们难外省天上掉锅被砸的人不难吗？动不动甩锅，500w里几个是武汉的你们先商量好行不行。,1月27日 11:11,15.0,烦不烦外地人武汉冰清玉洁地方乱说我家头例明明白白武汉籍武汉21号逃千里送毒难外省天上掉锅砸不难甩锅500w里几个武汉先商量行不行,NaN,0,0.999649
别把什么都甩给外地人，打工的不回家还全国全世界的到处旅游吗？,1月27日 10:35,17.0,甩外地人打工回家全国全世界旅游,NaN,0,0.996087
那请问怎么称呼那些人，他们就是武汉人呀，小学的时候我们一群小学生去校外春游，老师就告诉我们要表现好，因为你不是你一个人，你代表的是整个学校的形象，这是我小学就知道的道理，所以很抱歉我们喊武汉人，你也不应该怪我们，我们更无辜,1月26日 23:21,260.0,请问称呼武汉小学一群小学生校外春游老师告诉表现代表学校形象小学道理抱歉喊武汉无辜,NaN,0,0.93418
所以你理所应当的这样责怪所有武汉人？那对于真正没有出逃老老实实待在家充满恐惧的武汉人来说公平吗？你不会说有些两个字？既然说到集体，整个中国不是一个集体吗，还有没人说你不无辜，你只是太自私，或许有一天事情降临到你的头上你就知道你是什么想法了,1月26日 23:31,257.0,理所应当责怪武汉出逃在家充满恐惧武汉公平说两个字说集体中国集体没人说无辜太自私事情降临到头上想法,NaN,0,0.999942
在武汉就是武汉人？你去趟日本你也是日本人？你约个炮也是鸡？,1月26日 23:47,189.0,武汉武汉趟日本日本约炮鸡,NaN,0,0.974362
那是吧120万在武汉读书的大学生都送给我们武汉，你们不要了？还是把出来务工的你们老乡也一起送我们你们不要了？,1月26日 23:44,171.0,120万武汉读书大学生送给武汉务工老乡送,NaN,0,0.996843
我们的确无辜。但没有谁不谁没有更无辜好吗？大家都是被牵连的，不吃野味的武汉人受感染了，他们也是被牵连的？就因为他们是武汉人所以我们就比武汉得感染的人要无辜？什么道理。还什么武汉一人代表武汉整个形象？你承认你在杠吧,1月26日 23:37,144.0,无辜无辜牵连不吃野味武汉人受感染牵连武汉武汉感染无辜道理武汉一人代表武汉形象承认杠,NaN,0,0.99998
不不不，你要相信，他们大部分还真不是武汉人，大过年大部分都是回家的。学生都有百万，更别说打工的。分清楚哦～,1月26日 23:49,111.0,大部分真武汉大过年大部分回家学生百万打工分,NaN,0,0.997959
那个，我是中国人，请问一下你也是中国人吗？,1月26日 23:52,93.0,中国请问中国,NaN,0,0.990074
那按照你的逻辑中国人被法国人骂也是活该？,1月26日 23:34,100.0,逻辑中国法国人骂活该,NaN,0,0.99994
的确就是这样啊，在世界其他国家的人看来就是中国人现在得了这个肺炎，中国人非常危险。现在中国都差点被世界贸易组织列入疫情国，你知道这对中国会有多大的损失吗？就是因为武汉人吃野味引起的。现在在外国人眼里就是中国人乱吃东西并且乱跑，在他们眼里的确我们是一体的。,1月26日 23:50,80.0,世界国家中国肺炎中国危险中国差点世界贸易组织列入疫情国中国损失武汉吃野味外国人眼里中国人乱吃东西乱跑眼里一体,NaN,0,0.952905
我觉得湖北省现在留着的百姓都不该被责怪…,1月26日 23:57,64.0,湖北省留着百姓不该责怪,NaN,0,0.959213
你好咯，吃野味把疫情传染到世界的中国人,1月26日 23:44,44.0,你好咯吃野味疫情传染世界中国,NaN,2,0.638102
但是我们这边输入的病毒都是武汉户籍呀而且还是爆发以后知道有病还连夜赶来送毒的都是武汉户籍不叫他们武汉人叫啥呀,1月27日 03:45,39.0,输入病毒武汉户籍爆发有病连夜赶来送毒武汉户籍武汉,NaN,0,0.847627
在武汉就是武汉人？你去趟日本你也是日本人？你约个炮也是鸡？,1月27日 00:02,30.0,武汉武汉趟日本日本约炮鸡,NaN,0,0.974362
恕我直言一概而论的人都没有妈妈,1月27日 01:41,31.0,恕我直言一概而论妈妈,NaN,0,0.989046
你可以称呼那些人为憨批,1月27日 00:04,27.0,称呼人为憨批,NaN,2,0.710025
开地图炮真的没意思，哪里的人都是有好有坏，我真的真的不能理解把500万离开武汉的人看作丧尸出逃的那些憨批。武汉这么大，肯定有一小部分自私且无知的垃圾，但绝大多数都是900万坚守家乡的武汉人,1月26日 23:46,238.0,开地图炮真的没意思有好有坏真的真的理解500万离开武汉看作丧尸出逃憨批武汉肯定一小部分自私无知垃圾绝大多数900万坚守家乡武汉,NaN,0,0.999779
开地图炮真的没意思，哪里的人都是有好有坏，我真的真的不能理解把500万离开武汉的人看作丧尸出逃的那些憨批。武汉这么大，肯定有一小部分自私且无知的垃圾，但绝大多数都是900万坚守家乡的武汉人,1月26日 23:46,238.0,开地图炮真的没意思有好有坏真的真的理解500万离开武汉看作丧尸出逃憨批武汉肯定一小部分自私无知垃圾绝大多数900万坚守家乡武汉,NaN,0,0.999779
不知情就返乡的人员回到自己家乡自己自觉隔离就好了，恶意逃离的我是真的想口吐芬芳，还有的憨批24号25号还跑出来，我就想抽死这群人了，但也没必要开地图炮，报导出来的虽然不少，但是人老老实实在家的更多。,1月31日 08:42,无,不知情返乡人员回到家乡自觉隔离恶意逃离真的想口吐芬芳憨批24号25号跑想抽死这群人开地图炮报导出来在家,NaN,0,0.998073
如果不封城武汉有100万人就不错了一颗老鼠屎坏了整个湖北一锅粥,1月28日 15:48,无,不封城武汉100万人不错一颗老鼠屎坏湖北一锅粥,NaN,0,0.990249
回复@Gustinnn-:怀疑楼主打错字了，不应该是武憨人？,1月27日 22:46,无,回复Gustinnn怀疑楼主打错字武憨人,NaN,0,0.994548
回复@Gustinnn-:没有不承认武汉有垃圾。但是不接受500万人离开武汉都是武汉人出逃，这是谣言，这些人里确实是外来人员返乡居多，不是谁在狡辩。我们可以被骂，不想被莫须有的骂,1月27日 22:12,无,回复Gustinnn承认武汉垃圾接受500万人离开武汉武汉出逃这是谣言人里确实外来人员返乡居多狡辩骂不想莫须有骂,NaN,0,0.997846
回复@Gustinnn-:自私的人的确不分籍贯，所以没必要重复那么多次武汉人。谁都改变不了他们的籍贯。各个城市都有垃圾，那有什么办法？,1月27日 15:49,1.0,回复Gustinnn自私分籍贯重复武汉改变籍贯城市垃圾那有办法,NaN,0,0.999317
回复@Gustinnn-:要是你在骂的时候说他们的时候，重点在于他们的行为不对，而不是他们的户籍就不会有我们这种人来回你了,1月27日 15:47,无,回复Gustinnn骂说重点户籍来回,NaN,0,0.999756
回复@宋芮颖:那不好意思我们完全讨论的不是一回事儿你说的没什么不对但和我说的有什么关系吗？,1月27日 15:45,无,回复宋芮颖不好意思讨论一回事儿说没什么说关系,NaN,0,0.996636
回复@Gustinnn-:是你们认为我们和他们撇清关系，他们是武汉人，说的像我们能改变他们的户籍一样。我们要宣扬的就是，不要做那种人，而不是不要做武汉人。这是重点。,1月27日 15:32,无,回复Gustinnn撇清关系武汉说改变户籍宣扬做那种做武汉这是重点,NaN,0,0.998414
回复@Gustinnn-:他们错的是做法，又不是生在武汉。,1月27日 15:29,无,回复Gustinnn错做法生武汉,NaN,0,0.987653
回复@Gustinnn-:我的意思是重点不是武汉人这个词儿，是他们乱跑自私自利，所有的重点都在于他们乱跑，武汉人是个大概念，你不能只看大概念。乱跑的当然也是武汉人，但你骂人的时候说他们的时候，重点应该是他们自私自利，而不是他们的武汉户籍。,1月27日 15:28,无,回复Gustinnn重点武汉词儿乱跑自私自利重点乱跑武汉概念概念乱跑武汉骂人说重点自私自利武汉户籍,NaN,0,0.999548
回复@Gustinnn-:第一条就画地图直指武汉人，后来更说都是武汉籍贯人得病，特么还不是500骂900？我看新闻怎么是说武汉出发？好好去看看大数据网，看看其他新闻再评论。五百万人本来就是正常的流动人口，武汉有百万大学生和数不尽的农民工。没有人告诉他们这个病毒会人传人，不要离开武汉。说人传人就封城退票，还不行？,1月27日 12:22,无,回复Gustinnn第一条画地图直指武汉说武汉籍贯得病特么500骂900新闻说武汉出发好好数据网新闻评论五百万本来流动人口武汉百万大学生数不尽农民工告诉病毒会人传人离开武汉说传人封城退票不行,NaN,0,0.999537
然而还有1月25号逃到上海的武汉人，抱怨上海没人伺候以及上海饭难吃的，然而还有明知道自己有病确诊的满世界跑报复社会心理的，然而太多了，也许武汉有原谅的理由，但是太多太多把同情心磨的越来越少,1月26日 23:55,192.0,月25号逃到上海武汉抱怨上海伺候上海饭难吃明有病确诊世界跑报复社会心理太多也许武汉原谅理由太多太多同情心磨越来越少,NaN,0,0.928305
然而还有1月25号逃到上海的武汉人，抱怨上海没人伺候以及上海饭难吃的，然而还有明知道自己有病确诊的满世界跑报复社会心理的，然而太多了，也许武汉有原谅的理由，但是太多太多把同情心磨的越来越少,1月26日 23:55,192.0,月25号逃到上海武汉抱怨上海伺候上海饭难吃明有病确诊世界跑报复社会心理太多也许武汉原谅理由太多太多同情心磨越来越少,NaN,0,0.928305
这女的我也看到了现在么微博删掉了超级不要脸逃到上海住宾馆还要挑三拣四盒饭30块一份还嫌贵帮帮忙回武汉去吧还在网上秀智商笑死人,1月28日 00:38,4.0,这女微博删掉超级不要脸逃上海住宾馆挑三拣四盒饭30块一份嫌贵帮帮忙回武汉网上秀智商笑死人,NaN,0,0.999934
回复@请叫我机智泳:图片评论¡评论配图,1月27日 11:56,3.0,回复请机智泳图片评论¡评论配图,NaN,NaN,NaN
回复@叶青林奇快点在一起:图片评论¡评论配图,1月27日 11:55,3.0,回复叶青林奇快点图片评论¡评论配图,NaN,NaN,NaN
回复@摆在桌旁的女朋友:诶呦，你看看我们北京，都是湖北籍的别洗了,1月27日 10:27,7.0,回复摆在桌旁女朋友诶呦北京湖北籍洗,NaN,0,0.556878
回复@摆在桌旁的女朋友:出来的自己隔离好也不会说了，就是那几个晒自己发烧逃出来，还沾沾自喜到处播种的人，感觉脑子被烧傻了，大过年的都不想这样，都想着团聚，哎就因为那么几个人，我现在最着急的应该是我人回绍兴了，但是我的猫还在杭州，当初因为没买到猫砂盆没带回家，现在好担心。最该骂得应该是吃野生动物的,1月27日 07:24,2.0,回复摆在桌旁女朋友隔离说几个晒发烧逃出来沾沾自喜播种感觉脑子烧傻大过年不想想着团聚几个着急回绍兴猫杭州当初没买猫砂盆带回家担心最该骂吃野生动物,NaN,0,0.99943
回复@一只佳佳君:是啊。越是这样越严重，人心惶惶。而且把武汉人推到了风口浪尖。现在我在外地住酒店，餐馆什么全都关门了，之前连酒店看到我身份证都不让住，最后报警做了报备，核实了信息才让住的，不知道要这样住多久，花钱不说，人受不鸟。,1月27日 07:17,1.0,回复一只佳佳君越人心惶惶武汉推到风口浪尖外地住酒店餐馆关门酒店身份证不让住报警做报备核实信息住住多久花钱不说人受不鸟,NaN,0,0.999994
回复@摆在桌旁的女朋友:提前说感觉就是在给一些人机会跑出去，然后留在城里的人刷着微博心塞塞的，都是那么几个人坏了一锅好粥,1月27日 07:11,1.0,回复摆在桌旁女朋友提前说感觉机会跑出去留在城里刷微博心塞塞几个人坏一锅粥,NaN,0,0.988791
回复@摆在桌旁的女朋友:我觉得我是个还蛮理智的人，但是微博评论看着看着我有时候也失了智，总想说点什么，但是不会骂人，怕一说话就被喷的体无完肤，最后憋的全是内伤。都这个时候了，大家还说这种让人心寒的话真的很不应该。不能以偏概全，我有朋友是武汉人，还没有提封城之前他回家了，还提前请了一个月假就怕疫情严重。,1月27日 07:03,2.0,回复摆在桌旁女朋友理智微博评论看着看着有时候失智总想说点骂人说话喷体无完肤憋全是内伤说心寒真的以偏概全朋友武汉提封城回家提前请一个月假疫情,NaN,0,0.999676
回复@摆在桌旁的女朋友:其实骂也没用，那些连夜出逃的，查出来还报复社会的，并不会因为你骂他而觉得自己做错了。我也本来想做个喷子的，杭州在不知情况的时候，被空投了好几百个武汉连夜逃出的，还有发烧嗑药逃检查的机上还有好几百个本地人直到下飞机隔离前都不知情，后来想想相信zf会处理好的，我呆在家里不添乱就可以了。,1月27日 06:51,4.0,回复摆在桌旁女朋友骂没用连夜出逃查出来报复社会骂做错本来想做喷子杭州不知情况空投好几百个武汉连夜逃出发烧嗑药逃检查机上好几百个本地人飞机隔离前不知情想想zf呆家里添乱,NaN,0,0.987742
【注意】：楼主说武汉人之前有个修饰词，这才是最重要的,1月27日 06:38,无,楼主说武汉有个修饰词这才,NaN,2,0.583299
所以某评论的意思是那些逃到北上广深的都是回乡的？有必要抛弃一线城市去武汉工作？脑子呢还学人洗地,1月27日 06:38,21.0,评论逃北上广深回乡抛弃一线城市武汉工作脑子学人洗,NaN,0,0.99795
我们并不责怪武汉人，我们责怪的是那些明知道疫情严重还要到处乱跑的武汉人。因为内蒙古确诊的这七例大部分是武汉籍。你们也很难过了，我们都加油。,1月26日 23:41,170.0,责怪武汉责怪明疫情乱跑武汉内蒙古确诊这七例大部分武汉籍难过加油,NaN,0,0.859886
我们并不责怪武汉人，我们责怪的是那些明知道疫情严重还要到处乱跑的武汉人。因为内蒙古确诊的这七例大部分是武汉籍。你们也很难过了，我们都加油。,1月26日 23:41,170.0,责怪武汉责怪明疫情乱跑武汉内蒙古确诊这七例大部分武汉籍难过加油,NaN,0,0.859886
我们省确诊的至少有一半是武汉籍，甚至还有几个22、23号自驾游的，现在省内很多武汉车在流窜，我家附近的酒店就跑来了十几口武汉人被举报隔离了，看到他们这样甩锅给外地人真无语一直以来我不喜欢上升整个群体，骂也只骂那些带毒跑路传播的垃圾，但现在看到一堆武汉人甩锅给外地人真心觉得烦躁。,1月27日 03:03,47.0,省确诊至少一半武汉籍几个2223号自驾游省内武汉车流窜我家酒店跑十几口武汉举报隔离甩锅外地人真无语喜欢群体骂骂带毒跑路传播垃圾一堆武汉甩锅外地人真心烦躁,NaN,0,0.997872
我刚被他们省的一个人骂完，虽然说不能以偏概全的说都是武汉人，我把政府公文给他发图发过去，她问我内蒙古染了几个你就来这里叫嚣，你们有我们严重吗？你们就活该被传染，真的，我听了真的心都寒了，这是人说的话？？？？,1月27日 04:18,32.0,我刚省骂完说以偏概全说武汉政府公文发图发问内蒙古染几个叫嚣活该传染真的听真的心寒说,NaN,0,0.999998
这两天来内蒙的武汉人，我一个都没办法原谅，什么借口都说不通，就是坏,1月27日 00:51,27.0,两天内蒙武汉办法原谅借口说不通坏,NaN,0,0.989418
大部分武汉人还是可爱的，但我讨厌他们给逃跑的人维护清白,1月27日 00:17,29.0,大部分武汉可爱讨厌逃跑维护清白,NaN,0,0.855716
被骂完以后的聊天记录删了，她还在微博里骂内蒙人，这素质真的是令人发指¡评论配图,1月27日 04:46,16.0,骂完聊天记录删了微博里骂内蒙素质真的令人发指¡评论配图,NaN,NaN,NaN
尤其那些23号封城之前跑了，还发朋友圈“逃离武汉”的,1月27日 02:37,18.0,23号封城跑还发朋友圈逃离武汉,NaN,0,0.704959
都差不多，我们吉林这肯定也有，就是没爆发呢，等过几天了准露出来，这段时间别出门了，别听武汉人说什么出去的500万人都是外地学生，务工的，等人数稳定下来都揪出来了，没个10万也得有1万，1万里面要是1000个带病的，哼哼，不说了,1月27日 01:06,10.0,吉林肯定爆发几天准露出段时间出门听武汉说500万人外地学生务工人数稳定下来揪出来没个10万万万1000带病哼哼说,NaN,0,0.927121
还有那些专挑没有病例的城市去的人,1月27日 08:51,8.0,专挑病例城市,NaN,0,0.863447
咱们内蒙好惨……我一个孕妇现在产检战战兢兢，同时还因为疫情，单位开始紧急加班。满洲里零下四十度“自驾游”，锡盟的病例逛超市、坐公交去医院，鄂尔多斯的下了飞机坐高铁、坐完高铁打车直奔医院……简直气炸！,1月27日 15:33,2.0,内蒙好惨孕妇产检战战兢兢疫情单位紧急加班满洲里零下四十度自驾游锡盟病例逛超市坐公交医院鄂尔多斯飞机坐高铁坐完高铁打车直奔医院气炸,NaN,0,0.948824
我也内蒙滴！可以理解他们这两天所说的恐慌，但是真的没办法原谅，为了自己活命害的别人有生命危险,2月10日 13:37,1.0,内蒙滴理解两天所说恐慌真的办法原谅活命害生命危险,NaN,0,0.987558
是这个意思很多武汉人一直在纠结其实流动走的大多数是在武汉读书工作的大学生和务工人员，但是对这批人我们怪不起来，他们是在不知情的情况下离开的，这是政府的锅，我们责怪的是20号以后跑出来的人，当然他们也只是武汉人中的一小部分，坚持留在武汉的大家还是都辛苦了。,1月27日 22:56,无,武汉纠结流动走武汉读书工作大学生务工人员批人不知情情况离开这是政府锅责怪20号跑武汉人中一小部分留在武汉辛苦,NaN,0,0.81057
对武汉籍的多,1月27日 22:15,无,武汉籍,NaN,2,0.969476
是我我也会跑，生命面前谁管的了那么多，其实武汉的医院根本接待不了那么多病患，我看过一段视频，去援助的医生在那崩溃的哭，什么医用物资都用完了，病人都在求你,1月27日 00:22,无,跑生命面前武汉医院接待病患看过一段视频援助医生崩溃哭医用物资完病人求,NaN,0,0.996921
桂林的病人也大部分是武汉人,1月27日 15:21,3.0,桂林病人大部分武汉,NaN,2,0.753012
跟那些染病隔离的人说道歉吧千里全国送毒可厉害了我家十八线外小城市今天为止都有八例了明知道有疫情还跑来旅游的人真狠毒别跟我扯不知道不知道严重性在我看来就是罪人对了还有一大群武汉车堵在我们粤西这边人,1月26日 23:35,171.0,染病隔离说道歉千里全国送毒厉害我家十八线外城市八例明疫情跑旅游真狠毒别跟我扯严重性在我看来罪人一大群武汉车堵粤西,NaN,0,0.989787
跟那些染病隔离的人说道歉吧千里全国送毒可厉害了我家十八线外小城市今天为止都有八例了明知道有疫情还跑来旅游的人真狠毒别跟我扯不知道不知道严重性在我看来就是罪人对了还有一大群武汉车堵在我们粤西这边人,1月26日 23:35,171.0,染病隔离说道歉千里全国送毒厉害我家十八线外城市八例明疫情跑旅游真狠毒别跟我扯严重性在我看来罪人一大群武汉车堵粤西,NaN,0,0.989787
人家层主说的是那帮明知有疫情还千里送毒祸害全世界的人，又没说你们这帮留守武汉和早期不明真相的，一个两个急着出来找什么存在感呢？因为这些人我们全国人跟着受罪，还不许我们埋怨两句了？,1月27日 00:01,42.0,层主说帮明知疫情千里送毒祸害全世界说这帮留守武汉早期不明真相两个急找感全国跟着受罪不许埋怨两句,NaN,0,0.999942
我们城市确诊的那几个都是武汉户籍的，千里送毒啊,1月27日 00:08,23.0,城市确诊几个武汉户籍千里送毒,NaN,2,0.764424
我们无辜在家隔离的市民非常感谢各省同胞的援助，但是我们不应为这些道歉，因为我们也是受害者，没做过伤害同胞的事。该道歉的是他们。但是我们感谢你们。,1月26日 23:50,24.0,无辜在家隔离市民非常感谢各省同胞援助应为道歉受害者做伤害同胞事道歉感谢,NaN,0,0.995453
众所周知，有鄂A牌照不一定是武汉人。,1月26日 23:50,16.0,众所周知鄂牌照武汉,NaN,2,0.613448
捂汗人把捂汗摘的一干二净。大概海鲜的野味市场是给全国各地的人准备的，不是给武汉本地人,1月27日 07:45,11.0,捂汗捂汗摘一干二净海鲜野味市场全国武汉本地人,NaN,0,0.744539
我也觉得并不是说不知道严重性就没有错了我们这大老远的多个几十例招谁惹谁了啊？我们几百万人承受这样的风险就体谅那一个乱跑的？？？得了吧没骂她都不错了,1月27日 12:45,6.0,说严重性错大老远多个几十例招惹几百万承受风险体谅乱跑得了吧没骂不错,NaN,0,0.563115
选择留下的也要怪罪吗？他们明明有机会成为你口中的罪人,1月26日 23:56,5.0,选择留下怪罪明明机会口中罪人,NaN,0,0.998349
我说的没精神力气是因为博主说的就是大部分现在还在武汉人的心里话，有歉意有感谢我们自己也很怕，政令一天一个样，我们都乖乖在家里不知道什么时候弹尽粮绝或者死到临头，再看评论，我除了祝他们身体健康不病不灾还能怎么样？你看看武汉市内现在有多少住不进医院在家等死的，我们又做错了什么？,1月27日 01:14,6.0,说精神力气是因为博主说大部分武汉心里话歉意感谢政令一个样乖乖家里弹尽粮绝死到临头评论祝身体健康不病不灾武汉市住不进医院在家死做错,NaN,0,0.988617
我祝你不生病也错了？？？？,1月27日 00:16,3.0,我祝生病错,NaN,0,0.999496
跑过来送病毒还要供着这帮“菩萨”,1月27日 11:10,1.0,跑过来送病毒供着这帮菩萨,NaN,0,0.638989
我家这边十八线的小县城好像要封城了客运车辆，公交取消营运幼儿园关停娱乐场所关停,1月27日 08:22,1.0,我家十八线县城好像封城客运车辆公交取消营运幼儿园关停娱乐场所关停,NaN,0,0.985032
小声点，说了就是地域黑地图炮呢,2月6日 15:09,无,小声点说地域黑地图炮,NaN,0,0.985412
请问，非典始发于广东，是如何传到北京的？我以为广东人在这件事情上是最有同理心的。,1月28日 08:51,无,请问非典始发广东传到北京广东这件事情同理心,NaN,0,0.955296
千里送毒，武汉大军,1月26日 23:48,23.0,千里送毒武汉大军,NaN,2,0.90829
不原谅，多的是故意跑的人,1月26日 23:36,148.0,原谅跑,NaN,0,0.997889
不原谅，多的是故意跑的人,1月26日 23:36,148.0,原谅跑,NaN,0,0.997889
回复@Xiongyiyang_12:对武汉无情…那人间真是没有真情在了！说出这话的人就是憨批,1月30日 09:30,无,回复Xiongyiyang12武汉无情人间真情说出这话憨批,NaN,0,0.963585
回复@白田眞宝金:气笑¡评论配图,1月30日 04:00,无,回复白田眞宝金气笑¡评论配图,NaN,NaN,NaN
回复@梦醉何时休:我舅也是值班，还有弟媳妇，还有同学……口罩护目镜各种物资稀缺。,1月30日 03:58,无,回复梦醉何时休我舅值班弟媳妇同学口罩护目镜物资稀缺,NaN,2,0.72725
回复@米饭别老熬夜啦:我武汉人我不需要被原谅我什么都没做错谢谢我的家人还在一线,1月28日 01:56,无,回复米饭别老熬夜武汉原谅做错谢谢家人一线,NaN,2,0.926281
回复@lmy的小莹莹:谢啥摸摸头，咱不受这冤枉气。太晚了，好好休息¡查看动图,1月27日 23:38,无,回复lmy莹莹谢啥摸摸头咱不受冤枉气太晚好好休息¡查看动图,NaN,NaN,NaN
回复@东北戏精学院:谢谢🙏,1月27日 23:31,无,回复东北戏精学院谢谢🙏,NaN,NaN,NaN
回复@lmy的小莹莹:别理他。抱抱你会好起来的加油(ง•̀_•́)ง,1月27日 23:29,无,回复lmy莹莹别理抱抱加油ง•̀•́ง,NaN,NaN,NaN
回复@lmy的小莹莹:求求你别在家待着了都是我们外地佬逼着你们在家待着的吧而不是病毒呢，真滴牛逼,1月27日 21:58,无,回复lmy莹莹求求你别在家外地佬逼在家病毒真滴牛逼,NaN,0,0.985157
回复@杰哥他大哥:你有病吧，谁说你是外地佬了，键盘敲多了眼花吗,1月27日 21:50,无,回复杰哥大哥病说外地佬键盘敲多眼花,NaN,0,0.999204
回复@lmy的小莹莹:你不是被我们外地佬逼着在家待着的吗还他妈不服啊,1月27日 21:49,无,回复lmy莹莹外地佬逼在家妈不服,NaN,0,0.997713
回复@lmy的小莹莹:你不是自豪吗,1月27日 21:49,无,回复lmy莹莹自豪,NaN,0,0.939518
回复@杰哥他大哥:你脑袋有坑吧，想故意吵架是吧！,1月27日 21:48,无,回复杰哥大哥脑袋坑想吵架,NaN,0,0.999536
回复@lmy的小莹莹:好啊你别在家待啊谁逼你们在家待了啊，你可别在家待啊，你在家待着世界就要毁灭了啊,1月27日 21:44,无,回复lmy莹莹在家逼在家可别在家在家世界毁灭,NaN,0,0.926945
回复@单走一个6飞机:又没冲你叫,1月27日 19:17,无,回复单走飞机没冲,NaN,0,0.980837
都这种情况了，还有小部分武汉人有精力在网上怒怼网友,1月26日 23:43,137.0,情况武汉人有精力网上怒怼网友,NaN,0,0.998104
都这种情况了，还有小部分武汉人有精力在网上怒怼网友,1月26日 23:43,137.0,情况武汉人有精力网上怒怼网友,NaN,0,0.998104
你知道多少武汉本地人老老实实呆在家里吗？不分青红皂白的乱骂武汉人，我们不能为自己发声吗？,1月27日 01:19,58.0,武汉本地人呆家里不分青红皂白乱骂武汉发声,NaN,0,0.998078
你好我们900万人不是少部分，我们都是乖乖在家的！为什么我们要被地图炮。跑出去的是少数，有的确实是武汉人，但这时候是人性而非地域在作怪。,1月27日 01:50,54.0,你好900万人少部分乖乖在家地图炮跑出去确实武汉这时候人性非地域作怪,NaN,0,0.956471
我们平白无故怒怼了？不是小部分网友先地域黑乱喷的？都这种情况了，我们凭什么还得受冤枉气？,1月27日 01:10,40.0,平白无故怒怼网友先地域黑乱喷情况受冤枉气,NaN,0,0.999981
那是因为网络键盘侠真是让留守家中的武汉人很寒心。再也见不得大家都是中国人这句话了,1月27日 00:43,36.0,是因为网络键盘侠留守家中武汉寒心再也中国这句话,NaN,0,0.990539
武汉人现在一边抵抗疫情一边抵抗地图炮,1月27日 09:23,27.0,武汉抵抗疫情抵抗地图炮,NaN,2,0.935894
生为武汉人，在你们这些地域黑面前，维护自己的家乡有错！你不地域黑，武汉人来怼你！事情已经发生，拜托做点有积极意义的事情，不要说一些伤害普通民众的话！难道武汉人不是中国人？,1月27日 09:11,20.0,生武汉地域黑面前维护家乡错地域黑武汉人来怼事情发生拜托做点积极意义事情说伤害民众武汉中国,NaN,0,0.9996
对对对！估计是在家闲的，开始在微博上抠字眼玩了,1月27日 00:14,18.0,估计在家闲微博上抠字眼玩,NaN,0,0.843367
吃饱了撑得在家怼为他们捐款的人,1月27日 07:42,16.0,吃饱撑得在家怼捐款,NaN,2,0.949757
我们隔着大老远一下多了几十例我们不更无辜吗你要说安安静静待家里我不说你在网上维护这不让说那不让骂的我真的……………………,1月27日 12:43,9.0,隔大老远几十例无辜要说安安静静家里说网上维护不让说不让骂真的,NaN,0,0.996245
看到地域黑直接举报,1月27日 03:54,7.0,地域黑举报,NaN,0,0.999634
@_哈哈怪_:我已经看到好几个了正好无聊来教教他们怎么做人,1月27日 00:27,1.0,好几个正好无聊教教做人,NaN,0,0.928114
在家里闷一个星期了，不上网干啥呢,1月28日 00:25,无,家里闷星期上网干,NaN,0,0.946465
因为禁足在家已经第五天了。。。你知道的，人一无聊就容易找事,1月27日 00:09,11.0,禁足在家第五天人一无聊找事,NaN,0,0.813028
我本来也想略尽绵薄之力，看到某些言论，心寒了，自求多福,1月26日 23:24,114.0,本来想略绵薄之力言论心寒自求多福,NaN,0,0.99056
我本来也想略尽绵薄之力，看到某些言论，心寒了，自求多福,1月26日 23:24,114.0,本来想略绵薄之力言论心寒自求多福,NaN,0,0.99056
姐妹我不是浙江的我也替你们生气，而且我们本来这里没有的.突然跑一堆武汉人来我们这确诊了我刚看到空投我也气死了，还有武汉人建群骂浙江的,1月26日 23:29,69.0,姐妹浙江生气本来跑一堆武汉人来确诊空投气死武汉人建群骂浙江,NaN,0,0.999332
市长自己说的常驻人口1100万武汉户籍990万现在留下的将近900如果除去一些外地最后没走成的武汉人怎么也跑了150万就五百万都是外地人呗信阳作为武汉过来输出人口最多的地区我真的🤮了,1月26日 23:53,45.0,市长说常驻人口1100万武汉户籍990万留下900外地没走成武汉跑150万五百万外地人信阳武汉输出人口最多地区真的🤮,NaN,NaN,NaN
本武汉人支持大义灭亲生病跑出的，还有接受了别的省援助还建群骂人的，都可以拖出去了，闲着蛋疼,1月27日 01:55,28.0,武汉支持大义灭亲生病跑接受省援助建群骂人拖出去闲着蛋疼,NaN,0,0.946476
是的，弄的大家都自身难保了,1月26日 23:43,25.0,弄自身难保,NaN,0,0.885293
河南因为措施做的早也要被骂，跑出来的那部分人后果我们也要担着,1月27日 00:43,26.0,河南措施做早骂跑后果担着,NaN,0,0.994489
没事没事不与憨批论是非这次疫情蔓延主要是某些人确实又蠢又坏还外逃注意防护少出门戴口罩出门武汉真的很好希望不要因为某些人的言论就对我们这座城市或者城市里面的人失望,1月26日 23:46,23.0,没事没事憨批论是非疫情蔓延确实蠢坏外逃防护少出门戴口罩出门武汉真的希望言论这座城市城市失望,NaN,0,0.843462
不要在意每个地方都有那么些人武汉有那么些恶意跑出去霍霍或者语言攻击其他省份的人其他地方也有那么些诅咒武汉人辱骂武汉人的但那些都只是小部分不能代表所有人,1月27日 00:10,12.0,在意地方武汉恶意跑出去霍霍语言攻击省份地方诅咒武汉辱骂武汉代表所有人,NaN,0,0.964967
今天看到这张图我快气炸了，救灾款都捐了¡评论配图,1月27日 00:44,17.0,张图气炸救灾款捐¡评论配图,NaN,NaN,NaN
其他省的更无辜,1月27日 02:51,12.0,省无辜,NaN,0,0.87717
一些人不能代表武汉人…,1月27日 00:00,14.0,代表武汉,NaN,0,0.871872
是的不会去他们也别来,1月26日 23:37,10.0,别来,NaN,0,0.999832
我一个外省人看到他们说浙江的时候我都感觉，几个意思？？¡评论配图,1月27日 10:31,7.0,外省人说浙江感觉几个¡评论配图,NaN,NaN,NaN
捂汗人把捂汗摘的一干二净。大概海鲜的野味市场是给全国各地的人准备的，不是给武汉本地人,1月27日 07:41,10.0,捂汗捂汗摘一干二净海鲜野味市场全国武汉本地人,NaN,0,0.744539
不用你尽力，只求不用这种词语,1月27日 04:53,4.0,不用尽力只求不用词语,NaN,0,0.938717
加油，国家没有放弃武汉，国人没有放弃武汉朋友。试想一下如果自己现在身处武汉，可能也会害怕地想离开。少怪点逃离的人，更应该为你们的坚守点赞！,1月26日 23:06,133.0,加油国家放弃武汉国人放弃武汉朋友试想身处武汉害怕地想离开少怪点逃离坚守点赞,NaN,2,0.999155
加油，国家没有放弃武汉，国人没有放弃武汉朋友。试想一下如果自己现在身处武汉，可能也会害怕地想离开。少怪点逃离的人，更应该为你们的坚守点赞！,1月26日 23:06,133.0,加油国家放弃武汉国人放弃武汉朋友试想身处武汉害怕地想离开少怪点逃离坚守点赞,NaN,2,0.999155
不好意思我不是圣母没办法给他们换位思考，事实就是他们中的人为了自己活命害的别人陷入危险，是人之常情没错但绝不是正确的,2月10日 13:40,2.0,不好意思圣母办法换位思考事实中活命害陷入危险人之常情没错正确,NaN,0,0.998699
什么都不想说只想说没感染到你自己跟亲人身上的时候就尽情圣母吧从来没有人针对地区说的只是那些以“人性”为由只顾着自己跑出来害整个中国的人罢了多少人要为这些人的行为买单请问啥都不知道莫名被感染甚至死亡的人的命就没这些人金贵是吗这些人能为无辜的人命买单吗？,2月6日 09:20,无,不想说想说感染亲人身上尽情圣母地区说人性只顾跑害中国人要买单请问莫名感染死亡命人金贵人能无辜人命买单,NaN,0,0.999958
为什么不责怪，我们内蒙离得近的话就不说啥了，三千公里的距离，在网上口罩都买不上，那些人来了之后自己隔离了吗？没有！逛超市的逛超市，坐公车的坐公车，吃冰煮羊的吃冰煮羊。但我们并不责怪那些依然留在武汉城里的人，可让我们不怪或者少怪那些逃离的人，不可能，我们不是圣母，没那么大心胸。,1月27日 16:28,2.0,责怪内蒙离得说三千公里距离网上口罩买人来隔离逛超市逛超市坐公车坐公车吃冰煮羊吃冰煮羊责怪依然留在武汉城里少怪逃离圣母心胸,NaN,0,0.997788
逃离的人我也责怪，但是坚守的武汉人的确是没有错的,1月27日 15:11,无,逃离责怪坚守武汉错,NaN,2,0.989706
现在大多数省市都得封锁道路！全国人都为了一些憨批的憨批行为买单！大部分医疗物资都去了武汉！很多三四线城市最普通的口罩供给都不能保障！所以他们逃出来了有什么好处？还不自我隔离，还隐藏自己打哪来的！还千里送病毒！网红地点打卡！凭什么要谅解那些憨批！,1月27日 12:16,2.0,省市封锁道路全国憨批憨批买单大部分医疗物资武汉三四线城市口罩供给保障逃出来好处自我隔离隐藏哪来千里送病毒网红地点打卡谅解憨批,NaN,0,0.999695
希望逃离的人逃到你家你也能这么说,1月27日 11:13,4.0,希望逃离逃到你家说,NaN,0,0.993833
对，没有放弃武汉，但大浙江犯了什么错了？被搞成第二大灾区？最可恨的现在这么严重的情况下，一个憨批1月20号跑来宁波看朋友，就在我们小区，现在在定点医院隔离了，这难道还值得原谅？我们家里的老人孩子怎么办？这时候谁不慌？,1月27日 05:59,8.0,放弃武汉浙江犯错搞成灾区可恨情况憨批月20号跑宁波朋友小区定点医院隔离值得原谅家里老人孩子这时候慌,NaN,0,0.999561
我内蒙要离的近受影响也不说了，内蒙冬天要啥没啥，有一个武汉的煞笔自驾到满洲里有什么可以说通的原因吗？,1月27日 03:25,10.0,内蒙受影响说内蒙冬天武汉煞笔驾到满洲里说通原因,NaN,0,0.98649
我在武汉，我不想离开，在家做好防护，不给国家添乱，不去外面招别人白眼,1月27日 00:32,6.0,武汉不想离开在家做好防护国家添乱不去外面招白眼,NaN,0,0.864897
疫情面前人人自律吧，不论哪个地方都有自私的人，怪的不是武汉人，是生活在武汉中那群没有责任感的人。还留在武汉中的同胞们，请坚持住，相信国家一定会尽快控制住的,1月26日 23:23,79.0,疫情面前自律地方自私武汉生活武汉中那群责任感留在武汉中同胞们请住国家控制住,NaN,2,0.936305
我们真正痛恨的就是武汉政府的不作为,1月26日 23:15,81.0,痛恨武汉政府,NaN,0,0.919602
我们真正痛恨的就是武汉政府的不作为,1月26日 23:15,81.0,痛恨武汉政府,NaN,0,0.919602
回复@是是是泡脚:是啊瑟瑟发抖,1月27日 13:58,无,回复泡脚发抖,NaN,0,0.935302
回复@越努力越幸运冲鸭:往后十几天人数还是个急剧增加,1月27日 12:58,无,回复越努力越幸运鸭往后十几天人数急剧增加,NaN,2,0.637494
回复@是是是泡脚:要不是中央接管湖北还不知道要瞒到什么时候呢这是瞒不住了才给大家打个预防针后续肯定不容乐观,1月27日 12:32,1.0,回复泡脚中央接管湖北瞒瞒不住打个预防针后续肯定不容乐观,NaN,0,0.999574
回复@寻他千百度l:对啊说什么都晚了死不足惜,1月27日 12:30,无,回复寻千百度l说晚死不足惜,NaN,0,0.56981
回复@疯克偵探:是谁让武汉是源头…,1月27日 12:30,无,回复疯克偵探武汉源头,NaN,0,0.981119
不只限于武汉,1月27日 11:11,无,限于武汉,NaN,0,0.760394
再也不相信她们发话了，我本来以为是30万人离开武汉，后来估计是250万，昨天周说将近500万，我的天，今天一刷新，我们河南成为第二大疫区了，昨天还第四，痛恨,1月27日 09:10,无,再也发话本来30万人离开武汉估计250万昨天周说500万天刷新河南疫区昨天第四痛恨,NaN,0,0.999892
武汉人不需要道歉！！！！大部分人都是受害者！！！,1月26日 23:45,68.0,武汉道歉大部分受害者,NaN,0,0.999532
@王大大的仙女妈妈:求顶我上去！湖北不止一个武汉啊！现在黄冈市也是第二大灾区！还有很多的县级市也是大量的疑似肺炎患者啊！很多县级市的物资已经被武汉政府征用了！！县级市的医生们也是赤手空拳在战斗啊！求求关注一下！！湖北的各大县级市医院！！！感恩！！！🙏🙏🙏,1月26日 23:51,78.0,王大大的仙女妈妈求顶湖北武汉黄冈市灾区县级市疑似肺炎患者县级市物资武汉政府征用县级市医生赤手空拳求求关注湖北各大县级市医院感恩🙏🙏🙏,NaN,NaN,NaN
得有大部分是知情的,1月26日 23:12,41.0,大部分知情,NaN,2,0.612111
得有大部分是知情的,1月26日 23:12,41.0,大部分知情,NaN,2,0.612111
回复@隔壁的阿姨T3T:hhhhhh无知者无畏啊,1月28日 15:42,无,回复隔壁阿姨T3Thhhhhh无知者无畏,NaN,0,0.889621
回复@黯绯之月:说在武汉的完全不知道有这事是不太可能吧，但是政府一直在给我们打强心剂啊，没事的没事的没事的，哦豁……,1月28日 11:59,无,回复黯绯月说武汉这事不太可能政府强心剂没事没事没事豁,NaN,0,0.820153
回复@黯绯之月:后来呢就有人传同非典一样的，闹的有点大，然后武汉政府骚操作，直接报道说造谣把那八个人都抓了，还一直有专家报道不会人传人并已经防控，然后就没消息了你知道不，再然后就是钟南山出来了,1月28日 11:58,无,回复黯绯月有人传同非典闹武汉政府骚操作报道说造谣八个抓专家报道传人防控消息钟南山,NaN,0,0.998176
回复@黯绯之月:哈哈哈我来跟说下那段时间发生了什么事情，十二月三十号发的文件，也有小部分人很在意比如我，然后我北京的朋友问我跨年怎么不出去玩，我说有不明肺炎怕，其实是我没约到人出去浪，然后还被他吐槽说我大惊小怪，报道不都说被隔离了吗,1月28日 11:53,无,回复黯绯月哈哈哈我来说段时间发生事情十二月三十号发文件在意北京朋友问跨年不出去玩说不明肺炎没约浪吐槽说大惊小怪报道说隔离,NaN,0,0.984104
害，我一周半的考试周，九号考完试，整整九天，我都没有听到这消息,1月28日 00:55,无,害一周考试周九号考完试整整九天听到消息,NaN,0,0.997362
回复@黯绯之月:讲真，我也是20号才知道的,1月28日 00:53,1.0,回复黯绯月讲真20号,NaN,0,0.883317
说话不过脑子，去看看每天的出走人数再来网络上扣字,1月27日 10:01,无,说话脑子出走人数网络上扣字,NaN,0,0.628692
回复@mintslq:我那张截图被删了？¡评论配图,1月27日 02:48,6.0,回复mintslq张截图被删¡评论配图,NaN,NaN,NaN
回复@黯绯之月:是吗可是我的武汉同学说20.21才知道这个事儿的严重性,1月27日 02:47,1.0,回复黯绯月武汉同学说20.21事儿严重性,NaN,0,0.942597
回复@记忆太轻:注意截图里的时间和我一起玩游戏的武汉人在很早就知道非典严重了好吗,1月27日 02:37,4.0,回复记忆太轻截图里时间玩游戏武汉早就非典,NaN,0,0.888883
回复@记忆太轻:谢谢,1月26日 23:58,无,回复记忆太轻谢谢,NaN,2,0.951223
不要胡乱揣测，说话要过脑子，别看一出就乱下判断。不当喷子,1月26日 23:57,11.0,胡乱揣测说话脑子别看一出乱判断不当喷子,NaN,0,0.999908
21号，我，在外地读书的武汉伢，决定不回家过年，全家也坚决取消了春节去云南旅游的计划。当时不要脸的云南旅行社推三阻四不愿意退票，后面国家号召退机票酒店应当免费，他还在各种算损失，拼命劝说这种时候不应该出去躲一躲么，qnmd，我们宁愿付这个不知道怎么算出来的损失也不能出去好吗,1月26日 23:55,37.0,21号外地读书武汉伢回家过年全家取消春节云南旅游计划不要脸云南旅行社推三阻四退票国家号召退机票酒店免费算损失拼命劝说躲躲qnmd付算损失,NaN,0,0.999907
21号，我，在外地读书的武汉伢，决定不回家过年，全家也坚决取消了春节去云南旅游的计划。当时不要脸的云南旅行社推三阻四不愿意退票，后面国家号召退机票酒店应当免费，他还在各种算损失，拼命劝说这种时候不应该出去躲一躲么，qnmd，我们宁愿付这个不知道怎么算出来的损失也不能出去好吗,1月26日 23:55,37.0,21号外地读书武汉伢回家过年全家取消春节云南旅游计划不要脸云南旅行社推三阻四退票国家号召退机票酒店免费算损失拼命劝说躲躲qnmd付算损失,NaN,0,0.999907
回复@孤独中成长247:热衷于旅行，但云南旅行社是我目前见过最坑最不要脸的，云南的旅游业真的是乱象横生,1月27日 11:51,2.0,回复孤独中成长247热衷于旅行云南旅行社见过最坑不要脸云南旅游业真的乱象横生,NaN,0,0.996552
这个可以举报的,1月27日 10:52,4.0,举报,NaN,0,0.996694
回复@孤独中成长247:你好，请问还有谁在骂云南旅行社，我去问问是不是同一家,1月27日 10:23,4.0,回复孤独中成长247你好请问骂云南旅行社问问一家,NaN,0,0.796766
闭嘴吧，上面还说不要推及所有武汉人，现在又一口统说不要脸的云南旅行社,1月27日 09:57,2.0,闭嘴说推武汉一口统说不要脸云南旅行社,NaN,0,0.999955
闭嘴吧,1月26日 23:34,33.0,闭嘴,NaN,0,0.998794
其实不存在原不原谅的问题，事情已经发生了，只是很震惊，武汉（或者是湖北）的领导人在这种情况下当初还会选择隐瞒真实情况，她们不该不知道武汉作为一个大城市，又是交通枢纽，在春运下会带来什么后果吧。,1月26日 23:26,46.0,原原谅事情发生震惊武汉湖北领导人情况当初还会选择隐瞒真实情况不该武汉大城市交通枢纽春运下会带来后果,NaN,0,0.994947
大学生放假都很早，之前舆论情况是普遍认为不严重，可控可防，不重视甚至很多人不知情。我朋友公司十来号就放假了，压根不知道这事，早就回去了，我是年前一天才放假的，感觉到情况的严重性，所以没有回去​​​,1月26日 23:24,45.0,大学生放假很早舆论情况普遍认为可控防重视人不知情朋友公司十来号放假压根事早就回去年前一天放假感觉情况严重性回去​​​,NaN,NaN,NaN
加油！,1月26日 23:03,12.0,加油,NaN,2,0.999947
不怪你们在围城里默默承认的人，只怪少部分不负责任的祸患。此时此刻全国同胞都在抗击，挺过去以后，春天再来之时，我们都是生死相交的兄弟姐妹！,1月26日 23:18,36.0,围城里默默承认只怪少部分不负责任祸患此时此刻全国同胞抗击挺春天再来之时生死相交兄弟姐妹,NaN,0,0.79476
昨天我和我爸也在聊前期一直官方都说谣言后来说不能人传人所以不管武汉本地人还是我们都没有引起重视不知情就出行的武汉人现在在外真的很难可目前的情况下也许一刀切是唯一的办法希望疫情早日过去,1月27日 08:12,6.0,昨天爸聊前期官方说谣言说传人武汉本地人重视不知情出行武汉在外真的很难情况也许一刀切唯一办法希望疫情早日,NaN,0,0.994305
留在武汉的才是武汉人，逃跑的都是憨批,1月26日 23:45,29.0,留在武汉武汉逃跑憨批,NaN,2,0.688387
我小桂林出绵薄之力¡评论配图,1月26日 23:53,30.0,桂林绵薄之力¡评论配图,NaN,NaN,NaN
我小桂林出绵薄之力¡评论配图,1月26日 23:53,30.0,桂林绵薄之力¡评论配图,NaN,NaN,NaN
马上要嫁到桂林的湖北荆州人感谢桂林,1月27日 14:08,无,嫁桂林湖北荆州感谢桂林,NaN,2,0.997633
很多湖北人不愿意去定点宾馆的，因为很多健康的人或者轻症的人去了也怕交叉感染。那些人也确实无辜有家不能回，在外没得选择过街老鼠一样谁见着都躲远远的,1月27日 06:11,3.0,湖北定点宾馆健康轻症交叉感染确实无辜有家回在外选择过街老鼠躲远远,NaN,0,0.942503
真正的武汉人是心怀热爱和感恩，在超市买东西明知可能会买不上仍然会井然有序的排队，许多饭店关门之后仍有店家愿意免费给医务人员送餐，网约车出租车停运仍有司机“全副防装”愿意免费接送医务人员上下班，我相信疫情一定会结束。等到春暖花开，万物复苏，属于武汉人的“春天”就回来了。加油！！！,1月27日 00:04,26.0,武汉心怀热爱感恩超市买东西明知买井然有序排队饭店关门店家免费医务人员送餐网约车出租车停运司机全副防装免费接送医务人员上下班疫情结束春暖花开万物复苏武汉春天回来加油,NaN,2,0.99955
他们只是没注意用词，心里自然知道的，但是要让他们立刻注意用词严谨还是需要时间的，大家都在怪WHzf，但不到疫情结束彻查的那天，谁也不知道谁的罪最不可饶恕，都是情绪化了大家，不要太往心里去，，，一个莫名其妙没有接触史的发着低烧在家隔离的山东人没事的，大家都会好的，,1月26日 23:07,29.0,用词自然用词严谨时间WHzf不到疫情结束彻查那天罪饶恕情绪化太往莫名其妙接触史发着低烧在家隔离山东人没事,NaN,0,0.965411
无,无,无,,NaN,0,0.968415
