博文网址,发帖子人,博文发布时间,来自,博文内容,转发数,评论数,点赞数,博文图片,博文视频,评论者,评论内容,评论时间,评论点赞,二级评论人,二级评论内容,二级评论时间
https://www.weibo.com/7009444275/Ix1cdmxbz?refer_flag=1001030103_&type=comment,,,,,,,,,,想改昵称却没想好改成什么,1.全国一盘棋，湖北稳定了，国家才松2.什么时候摘口罩，等新增为零28天3.国内向好与国外爆发共存4.中国也有病例，不能说外国输入。以后入境隔离14天基本没问题5.没有特效药，在结果出来之前媒体不要宣传6.病死率高的病毒不易共存，但可能与人类相适应。7.长效。防疫机制如何看最后各省答卷,3月4日 11:06,90033,,,
https://www.weibo.com/7009444275/Ix1cdmxbz?refer_flag=1001030103_&type=comment,,,,,,,,,,想改昵称却没想好改成什么,1.全国一盘棋，湖北稳定了，国家才松2.什么时候摘口罩，等新增为零28天3.国内向好与国外爆发共存4.中国也有病例，不能说外国输入。以后入境隔离14天基本没问题5.没有特效药，在结果出来之前媒体不要宣传6.病死率高的病毒不易共存，但可能与人类相适应。7.长效。防疫机制如何看最后各省答卷,3月4日 11:06,90033,芝麻馅汤圆好吃,"
            芝麻馅汤圆好吃：课代表原来是你呀        ",3月4日 11:22
https://www.weibo.com/7009444275/Ix1cdmxbz?refer_flag=1001030103_&type=comment,,,,,,,,,,芝麻馅汤圆好吃,课代表原来是你呀,3月4日 11:22,17855,真晶不怕水,"
            真晶不怕水：直接下来找课代表        ",3月4日 11:26
https://www.weibo.com/7009444275/Ix1cdmxbz?refer_flag=1001030103_&type=comment,,,,,,,,,,真晶不怕水,直接下来找课代表,3月4日 11:26,11938,-迟二白,"
            -迟二白：看手相的也是有意思，之前图片一直是肖战，出了这档事后就改成蔡徐坤了挺会结合时事啊        ",3月4日 11:34
https://www.weibo.com/7009444275/Ix1cdmxbz?refer_flag=1001030103_&type=comment,,,,,,,,,,-迟二白,看手相的也是有意思，之前图片一直是肖战，出了这档事后就改成蔡徐坤了挺会结合时事啊,3月4日 11:34,5893,岐妙世界1015,"
            岐妙世界1015：第二条错了！是全国0病例持续两个周期（28天）才能摘口罩，而不是新增病例为0        ",3月4日 12:19
https://www.weibo.com/7009444275/Ix1cdmxbz?refer_flag=1001030103_&type=comment,,,,,,,,,,岐妙世界1015,第二条错了！是全国0病例持续两个周期（28天）才能摘口罩，而不是新增病例为0,3月4日 12:19,3357,李相蓉,"
            李相蓉：课代表送你上去        ",3月4日 11:12
https://www.weibo.com/7009444275/Ix1cdmxbz?refer_flag=1001030103_&type=comment,,,,,,,,,,李相蓉,课代表送你上去,3月4日 11:12,849,雷雷雷猪头,"
            雷雷雷猪头：新增为零吗？张医生说的地区病例持续一个月为零可以摘口罩，不是新增为零持续28天        ",3月4日 11:52
https://www.weibo.com/7009444275/Ix1cdmxbz?refer_flag=1001030103_&type=comment,,,,,,,,,,雷雷雷猪头,新增为零吗？张医生说的地区病例持续一个月为零可以摘口罩，不是新增为零持续28天,3月4日 11:52,788,未来只疼你530,"
            未来只疼你530：look  ！？？？？！！？！三月五号开始，阿迪大活动！！！！，可以四百买一千多堪看@一波天秀yll 动态，！！还有抢吅罩通知，买不到吅罩堪堪        ",3月4日 13:51
https://www.weibo.com/7009444275/Ix1cdmxbz?refer_flag=1001030103_&type=comment,,,,,,,,,,未来只疼你530,look！？？？？！！？！三月五号开始，阿迪大活动！！！！，可以四百买一千多堪看@一波天秀yll动态，！！还有抢吅罩通知，买不到吅罩堪堪,3月4日 13:51,700,--蕤--,"
            --蕤--：传说中的课代表呀        ",3月4日 11:28
https://www.weibo.com/7009444275/Ix1cdmxbz?refer_flag=1001030103_&type=comment,,,,,,,,,,--蕤--,传说中的课代表呀,3月4日 11:28,275,小雨and小土匪,"
            小雨and小土匪：课代表，太及时了        ",3月4日 11:27
https://www.weibo.com/7009444275/Ix1cdmxbz?refer_flag=1001030103_&type=comment,,,,,,,,,,小雨and小土匪,课代表，太及时了,3月4日 11:27,179,Janice江77,"
            Janice江77：课代表颁奖👍        ",3月4日 11:27
https://www.weibo.com/7009444275/Ix1cdmxbz?refer_flag=1001030103_&type=comment,,,,,,,,,,Janice江77,课代表颁奖👍,3月4日 11:27,136,盛夏光年水亦寒,"
            盛夏光年水亦寒：看到特效药这条就想到双黄连，居然不用追责，👵🦵        ",3月4日 11:56
https://www.weibo.com/7009444275/Ix1cdmxbz?refer_flag=1001030103_&type=comment,,,,,,,,,,盛夏光年水亦寒,看到特效药这条就想到双黄连，居然不用追责，👵🦵,3月4日 11:56,135,福康蜂蜜张姐,"
            福康蜂蜜张姐：虽然我们国家的疫情已经有所平稳了，按理说大家再坚持这段时间就好了，但是今天看见好多地方都开始人山人海的，还不戴口罩，几乎全面进入放松期 …真的害怕…大家把我赞上去让个别人有个警惕吧 最后关头千万别放松了。        ",3月4日 13:01
https://www.weibo.com/7009444275/Ix1cdmxbz?refer_flag=1001030103_&type=comment,,,,,,,,,,福康蜂蜜张姐,虽然我们国家的疫情已经有所平稳了，按理说大家再坚持这段时间就好了，但是今天看见好多地方都开始人山人海的，还不戴口罩，几乎全面进入放松期…真的害怕…大家把我赞上去让个别人有个警惕吧最后关头千万别放松了。,3月4日 13:01,116,_快藏起来,"
            _快藏起来：重点，结果出来之前媒体不要宣传        ",3月4日 12:25
https://www.weibo.com/7009444275/Ix1cdmxbz?refer_flag=1001030103_&type=comment,,,,,,,,,,_快藏起来,重点，结果出来之前媒体不要宣传,3月4日 12:25,106,微中人,"
            微中人：你理解错了，不是新增为零，是现有病例为零后再过28天        ",3月4日 12:50
https://www.weibo.com/7009444275/Ix1cdmxbz?refer_flag=1001030103_&type=comment,,,,,,,,,,当-云漂浮半公分,这个采访很棒，这位医生也是实事求是的好医生,3月4日 10:28,27899,,,
https://www.weibo.com/7009444275/Ix1cdmxbz?refer_flag=1001030103_&type=comment,,,,,,,,,,当-云漂浮半公分,这个采访很棒，这位医生也是实事求是的好医生,3月4日 10:28,27899,小xs青年,"
            小xs青年：这个记者明显是做过功课的，问题都提到点子上了。张医生的回答也是很实在，严谨没有官话套话。        ",3月4日 12:00
https://www.weibo.com/7009444275/Ix1cdmxbz?refer_flag=1001030103_&type=comment,,,,,,,,,,小xs青年,这个记者明显是做过功课的，问题都提到点子上了。张医生的回答也是很实在，严谨没有官话套话。,3月4日 12:00,6863,北川美蓿,"
            北川美蓿：这个采访的记者是目前觉得还不错的一个        ",3月4日 11:10
https://www.weibo.com/7009444275/Ix1cdmxbz?refer_flag=1001030103_&type=comment,,,,,,,,,,北川美蓿,这个采访的记者是目前觉得还不错的一个,3月4日 11:10,5644,心随朗日,"
            心随朗日：难得一个好记者，而不是人家手机响抻着脖子看那种讨厌的记者        ",3月4日 11:44
https://www.weibo.com/7009444275/Ix1cdmxbz?refer_flag=1001030103_&type=comment,,,,,,,,,,心随朗日,难得一个好记者，而不是人家手机响抻着脖子看那种讨厌的记者,3月4日 11:44,4819,cmmzr_豆子,"
            cmmzr_豆子：小伙有前途，问题都在关键点上。        ",3月4日 11:55
https://www.weibo.com/7009444275/Ix1cdmxbz?refer_flag=1001030103_&type=comment,,,,,,,,,,cmmzr_豆子,小伙有前途，问题都在关键点上。,3月4日 11:55,2949,天使艾米丽09,"
            天使艾米丽09：小伙子采访得非常好，全在问题上。        ",3月4日 11:28
https://www.weibo.com/7009444275/Ix1cdmxbz?refer_flag=1001030103_&type=comment,,,,,,,,,,天使艾米丽09,小伙子采访得非常好，全在问题上。,3月4日 11:28,1975,路白月明2点0,"
            路白月明2点0：这个记者感觉是做了功课的，给人感觉会好点。看到他不禁让我想到之前采访钟老的一位记者咱能不能都把自己的专业技能搞扎实了        ",3月4日 12:10
https://www.weibo.com/7009444275/Ix1cdmxbz?refer_flag=1001030103_&type=comment,,,,,,,,,,路白月明2点0,这个记者感觉是做了功课的，给人感觉会好点。看到他不禁让我想到之前采访钟老的一位记者咱能不能都把自己的专业技能搞扎实了,3月4日 12:10,1813,童香箐的日记本,"
            童香箐的日记本：看过这个记者采访过其他人 也做的特别好 明显能感觉到是做过功课的 提问精准 每一句话都能接上        ",3月4日 12:21
https://www.weibo.com/7009444275/Ix1cdmxbz?refer_flag=1001030103_&type=comment,,,,,,,,,,童香箐的日记本,看过这个记者采访过其他人也做的特别好明显能感觉到是做过功课的提问精准每一句话都能接上,3月4日 12:21,908,梅瑰有刺,"
            梅瑰有刺：比之前中央的那个女记者好多了，尊重对方发言，谦虚的态度，口吻的平和        ",3月4日 12:21
https://www.weibo.com/7009444275/Ix1cdmxbz?refer_flag=1001030103_&type=comment,,,,,,,,,,梅瑰有刺,比之前中央的那个女记者好多了，尊重对方发言，谦虚的态度，口吻的平和,3月4日 12:21,817,智尊好鲤Lucky,"
            智尊好鲤Lucky：必须信，医生界的男神啊，从预测三个结局开始，就粉了        ",3月4日 11:30
https://www.weibo.com/7009444275/Ix1cdmxbz?refer_flag=1001030103_&type=comment,,,,,,,,,,智尊好鲤Lucky,必须信，医生界的男神啊，从预测三个结局开始，就粉了,3月4日 11:30,646,Vcheu,"
            Vcheu：这是上海最高级别的传染病专家        ",3月4日 12:05
https://www.weibo.com/7009444275/Ix1cdmxbz?refer_flag=1001030103_&type=comment,,,,,,,,,,Vcheu,这是上海最高级别的传染病专家,3月4日 12:05,575,婳心婳楚,"
            婳心婳楚：确实是，张医生实事求是敢说        ",3月4日 11:20
https://www.weibo.com/7009444275/Ix1cdmxbz?refer_flag=1001030103_&type=comment,,,,,,,,,,婳心婳楚,确实是，张医生实事求是敢说,3月4日 11:20,376,回首是否又见他,"
            回首是否又见他：这个记者一看就是做了准备的，工作认真的男人一般都很有责任心和上进心。长的不错又高，我又可以了        ",3月4日 12:35
https://www.weibo.com/7009444275/Ix1cdmxbz?refer_flag=1001030103_&type=comment,,,,,,,,,,回首是否又见他,这个记者一看就是做了准备的，工作认真的男人一般都很有责任心和上进心。长的不错又高，我又可以了,3月4日 12:35,331,米奇萌萌的君君er,"
            米奇萌萌的君君er：敬重张医生！！佩服！！希望能好好休息！！一定要做好防护！辛苦了！！        ",3月4日 11:41
https://www.weibo.com/7009444275/Ix1cdmxbz?refer_flag=1001030103_&type=comment,,,,,,,,,,米奇萌萌的君君er,敬重张医生！！佩服！！希望能好好休息！！一定要做好防护！辛苦了！！,3月4日 11:41,279,绒绒超可爱嘚,"
            绒绒超可爱嘚：许老师很认真很得体的        ",3月4日 11:58
https://www.weibo.com/7009444275/Ix1cdmxbz?refer_flag=1001030103_&type=comment,,,,,,,,,,绒绒超可爱嘚,许老师很认真很得体的,3月4日 11:58,186,CECE航行在草原,"
            CECE航行在草原：许老师好优秀啊……        ",3月4日 12:17
https://www.weibo.com/7009444275/Ix1cdmxbz?refer_flag=1001030103_&type=comment,,,,,,,,,,学习,院士我最信钟老医生我最信他，张医生敢说话，会说话，情商高！,3月4日 10:55,16752,,,
https://www.weibo.com/7009444275/Ix1cdmxbz?refer_flag=1001030103_&type=comment,,,,,,,,,,学习,院士我最信钟老医生我最信他，张医生敢说话，会说话，情商高！,3月4日 10:55,16752,suju_only,"
            suju_only：送阿学同学上去        ",3月4日 11:13
https://www.weibo.com/7009444275/Ix1cdmxbz?refer_flag=1001030103_&type=comment,,,,,,,,,,suju_only,送阿学同学上去,3月4日 11:13,450,某大虾,"
            某大虾：阿学太正经了，不像你        ",3月4日 11:40
https://www.weibo.com/7009444275/Ix1cdmxbz?refer_flag=1001030103_&type=comment,,,,,,,,,,某大虾,阿学太正经了，不像你,3月4日 11:40,311,Shhh36249,"
            Shhh36249：给阿学同学排面，这绝对课代表了        ",3月4日 11:21
https://www.weibo.com/7009444275/Ix1cdmxbz?refer_flag=1001030103_&type=comment,,,,,,,,,,Shhh36249,给阿学同学排面，这绝对课代表了,3月4日 11:21,186,帅少年,"
            帅少年：阿学不讲段子我有点不适应        ",3月4日 12:01
https://www.weibo.com/7009444275/Ix1cdmxbz?refer_flag=1001030103_&type=comment,,,,,,,,,,帅少年,阿学不讲段子我有点不适应,3月4日 12:01,125,完美的旅程,"
            完美的旅程：不要造神，这一切都是举国之力，其他都是螺丝钉        ",3月4日 12:02
https://www.weibo.com/7009444275/Ix1cdmxbz?refer_flag=1001030103_&type=comment,,,,,,,,,,完美的旅程,不要造神，这一切都是举国之力，其他都是螺丝钉,3月4日 12:02,89,小析冰,"
            小析冰：看到你好几次了，果然好名字容易令人印象深刻        ",3月4日 11:23
https://www.weibo.com/7009444275/Ix1cdmxbz?refer_flag=1001030103_&type=comment,,,,,,,,,,小析冰,看到你好几次了，果然好名字容易令人印象深刻,3月4日 11:23,109,江巛禳,"
            江巛禳：真的他的每一个采访视频，都让人觉得在说实话做实事…他的讲座视频，风趣幽默又发人深省，太宝藏了这个医生，钟老对国家国民的大爱，后继有人了，感恩上天给了我们国家那么那么有爱优秀的医生，这次疫情，全国的医护真的表现出超预期的无私和有爱，感动到无以言表，感恩中国医护，中国医护好样的！        ",3月4日 12:23
https://www.weibo.com/7009444275/Ix1cdmxbz?refer_flag=1001030103_&type=comment,,,,,,,,,,江巛禳,真的他的每一个采访视频，都让人觉得在说实话做实事…他的讲座视频，风趣幽默又发人深省，太宝藏了这个医生，钟老对国家国民的大爱，后继有人了，感恩上天给了我们国家那么那么有爱优秀的医生，这次疫情，全国的医护真的表现出超预期的无私和有爱，感动到无以言表，感恩中国医护，中国医护好样的！,3月4日 12:23,93,肥侠冲啊,"
            肥侠冲啊：每次都能看到你        ",3月4日 11:22
https://www.weibo.com/7009444275/Ix1cdmxbz?refer_flag=1001030103_&type=comment,,,,,,,,,,肥侠冲啊,每次都能看到你,3月4日 11:22,16,爱哭鼻子的baby687,"
            爱哭鼻子的baby687：顶阿学，，顶阿学        ",3月4日 11:21
https://www.weibo.com/7009444275/Ix1cdmxbz?refer_flag=1001030103_&type=comment,,,,,,,,,,爱哭鼻子的baby687,顶阿学，，顶阿学,3月4日 11:21,12,为什么我可以每个月都能修改昵称,"
            为什么我可以每个月都能修改昵称：人格魅力太突出。。。。在中国做院士不看好。这样的人更适合逍遥派，培养大夫，而不从政为佳。        ",3月4日 13:37
https://www.weibo.com/7009444275/Ix1cdmxbz?refer_flag=1001030103_&type=comment,,,,,,,,,,为什么我可以每个月都能修改昵称,人格魅力太突出。。。。在中国做院士不看好。这样的人更适合逍遥派，培养大夫，而不从政为佳。,3月4日 13:37,27,热忱Ardent,"
            热忱Ardent：这位医生是我们瑞安人我们班主任高中同学，每次看到他都好自豪啊啊啊        ",3月4日 14:12
https://www.weibo.com/7009444275/Ix1cdmxbz?refer_flag=1001030103_&type=comment,,,,,,,,,,热忱Ardent,这位医生是我们瑞安人我们班主任高中同学，每次看到他都好自豪啊啊啊,3月4日 14:12,14,智尊好鲤Lucky,"
            智尊好鲤Lucky：知识渊博专业，他简直就是一个活宝，语言逻辑反应能力超强！        ",3月4日 13:37
https://www.weibo.com/7009444275/Ix1cdmxbz?refer_flag=1001030103_&type=comment,,,,,,,,,,智尊好鲤Lucky,知识渊博专业，他简直就是一个活宝，语言逻辑反应能力超强！,3月4日 13:37,19,美好捕捉者,"
            美好捕捉者：哈哈哈，钟院士也是医生哟，张医生和钟医生你要选谁        ",3月4日 11:22
https://www.weibo.com/7009444275/Ix1cdmxbz?refer_flag=1001030103_&type=comment,,,,,,,,,,美好捕捉者,哈哈哈，钟院士也是医生哟，张医生和钟医生你要选谁,3月4日 11:22,13,YANGCRS-,"
            YANGCRS-：顶你上去        ",3月4日 11:20
https://www.weibo.com/7009444275/Ix1cdmxbz?refer_flag=1001030103_&type=comment,,,,,,,,,,YANGCRS-,顶你上去,3月4日 11:20,6,蓝白色黑猫,"
            蓝白色黑猫：李兰娟院士呢        ",3月4日 12:44
https://www.weibo.com/7009444275/Ix1cdmxbz?refer_flag=1001030103_&type=comment,,,,,,,,,,能让我暴富吗,我认为医生可以解决这个问题，不需要媒体帮着解决哈哈哈哈哈哈！刚！,3月4日 11:04,16050,,,
https://www.weibo.com/7009444275/Ix1cdmxbz?refer_flag=1001030103_&type=comment,,,,,,,,,,能让我暴富吗,我认为医生可以解决这个问题，不需要媒体帮着解决哈哈哈哈哈哈！刚！,3月4日 11:04,16050,喜欢在冬天里吃雪糕,"
            喜欢在冬天里吃雪糕：本来就是，是医生治病，不是媒体，而媒体却不把医生的话完整转达，做标题党，对不起医生也对不起读者        ",3月4日 12:11
https://www.weibo.com/7009444275/Ix1cdmxbz?refer_flag=1001030103_&type=comment,,,,,,,,,,喜欢在冬天里吃雪糕,本来就是，是医生治病，不是媒体，而媒体却不把医生的话完整转达，做标题党，对不起医生也对不起读者,3月4日 12:11,4491,王三岁的杨三岁,"
            王三岁的杨三岁：这话确实刚，有时候学了五年八年的临床专业的医学生都不一定能真正理解这些大牛的话，这些媒体真的是厉害的觉得自己听一耳朵就各种解读发不出去，大众也没有太多医学背景，只会跟着恐慌和干着急！真是医患关系百分之二十政策问题，百分八十媒体功劳！        ",3月4日 12:10
https://www.weibo.com/7009444275/Ix1cdmxbz?refer_flag=1001030103_&type=comment,,,,,,,,,,王三岁的杨三岁,这话确实刚，有时候学了五年八年的临床专业的医学生都不一定能真正理解这些大牛的话，这些媒体真的是厉害的觉得自己听一耳朵就各种解读发不出去，大众也没有太多医学背景，只会跟着恐慌和干着急！真是医患关系百分之二十政策问题，百分八十媒体功劳！,3月4日 12:10,2883,含哺熙鼓腹游,"
            含哺熙鼓腹游：我们张文宏医生怼没有专业素养的记者还是很绝的 ¡评论配图        ",3月4日 12:35
https://www.weibo.com/7009444275/Ix1cdmxbz?refer_flag=1001030103_&type=comment,,,,,,,,,,含哺熙鼓腹游,我们张文宏医生怼没有专业素养的记者还是很绝的¡评论配图,3月4日 12:35,2243,你说不说的吧,"
            你说不说的吧：专打这些媒体的脸，看着很过瘾        ",3月4日 11:41
https://www.weibo.com/7009444275/Ix1cdmxbz?refer_flag=1001030103_&type=comment,,,,,,,,,,你说不说的吧,专打这些媒体的脸，看着很过瘾,3月4日 11:41,1432,BlaineZhang,"
            BlaineZhang：最近很多媒体曲解断章他的采访，所以才说这些吧…上次看某个自称客观的带节奏的媒体的文字采访，节奏带的飞起        ",3月4日 12:13
https://www.weibo.com/7009444275/Ix1cdmxbz?refer_flag=1001030103_&type=comment,,,,,,,,,,BlaineZhang,最近很多媒体曲解断章他的采访，所以才说这些吧…上次看某个自称客观的带节奏的媒体的文字采访，节奏带的飞起,3月4日 12:13,987,JKPAA,"
            JKPAA：此处艾特双黄连        ",3月4日 12:13
https://www.weibo.com/7009444275/Ix1cdmxbz?refer_flag=1001030103_&type=comment,,,,,,,,,,JKPAA,此处艾特双黄连,3月4日 12:13,585,A咖猫猫,"
            A咖猫猫：媒体除了制造恐慌，真的帮不上什么忙        ",3月4日 11:52
https://www.weibo.com/7009444275/Ix1cdmxbz?refer_flag=1001030103_&type=comment,,,,,,,,,,A咖猫猫,媒体除了制造恐慌，真的帮不上什么忙,3月4日 11:52,542,不想回来的远方的Lisa,"
            不想回来的远方的Lisa：其实是真的，你说双黄连吧，很多人觉得看笑话吧，但是这个药清热解毒，有些时候的发烧的确有用，结果被媒体一说，倒成了笑话。        ",3月4日 11:54
https://www.weibo.com/7009444275/Ix1cdmxbz?refer_flag=1001030103_&type=comment,,,,,,,,,,不想回来的远方的Lisa,其实是真的，你说双黄连吧，很多人觉得看笑话吧，但是这个药清热解毒，有些时候的发烧的确有用，结果被媒体一说，倒成了笑话。,3月4日 11:54,529,不爱吃甜食的王二小,"
            不爱吃甜食的王二小：我认为医生可以解决这个问题，不需要媒体帮着解决哈哈哈哈哈哈！刚！        ",3月4日 11:35
https://www.weibo.com/7009444275/Ix1cdmxbz?refer_flag=1001030103_&type=comment,,,,,,,,,,不爱吃甜食的王二小,我认为医生可以解决这个问题，不需要媒体帮着解决哈哈哈哈哈哈！刚！,3月4日 11:35,475,现在是MSK时间12点半啊李小圆,"
            现在是MSK时间12点半啊李小圆：有些媒体就想搞大新闻，赚人流量，自媒体不说了，官媒也跟着瞎闹，无语        ",3月4日 12:04
https://www.weibo.com/7009444275/Ix1cdmxbz?refer_flag=1001030103_&type=comment,,,,,,,,,,现在是MSK时间12点半啊李小圆,有些媒体就想搞大新闻，赚人流量，自媒体不说了，官媒也跟着瞎闹，无语,3月4日 12:04,301,贪吃芒果的班戟,"
            贪吃芒果的班戟：媒体传播经常夸大，不单单是药物或者是治疗方案的问题，紧张的医患关系在早些年难道就没有媒体传播的手笔，为了吸人眼球，把医患弄成对立的两边        ",3月4日 12:00
https://www.weibo.com/7009444275/Ix1cdmxbz?refer_flag=1001030103_&type=comment,,,,,,,,,,贪吃芒果的班戟,媒体传播经常夸大，不单单是药物或者是治疗方案的问题，紧张的医患关系在早些年难道就没有媒体传播的手笔，为了吸人眼球，把医患弄成对立的两边,3月4日 12:00,256,NaNaYYX0120,"
            NaNaYYX0120：这句回答的特别棒！够给面子了        ",3月4日 11:37
https://www.weibo.com/7009444275/Ix1cdmxbz?refer_flag=1001030103_&type=comment,,,,,,,,,,NaNaYYX0120,这句回答的特别棒！够给面子了,3月4日 11:37,222,xxl3372,"
            xxl3372：对，老扯什么中医西医，中药西药，听医生不就好了。        ",3月4日 11:20
https://www.weibo.com/7009444275/Ix1cdmxbz?refer_flag=1001030103_&type=comment,,,,,,,,,,xxl3372,对，老扯什么中医西医，中药西药，听医生不就好了。,3月4日 11:20,204,我要改名字重新叫大米君,"
            我要改名字重新叫大米君：求求媒体不要添乱了        ",3月4日 12:02
https://www.weibo.com/7009444275/Ix1cdmxbz?refer_flag=1001030103_&type=comment,,,,,,,,,,付嘎嘎-,钟南山后，可以充当公共发言人的角色。,3月4日 10:47,9461,,,
https://www.weibo.com/7009444275/Ix1cdmxbz?refer_flag=1001030103_&type=comment,,,,,,,,,,付嘎嘎-,钟南山后，可以充当公共发言人的角色。,3月4日 10:47,9461,功夫皮卡上房揭瓦,"
            功夫皮卡上房揭瓦：主要是说话简单明了直接，不东扯西扯一堆听不懂的学术名词，不管什么学历什么身份都听得懂        ",3月4日 11:24
https://www.weibo.com/7009444275/Ix1cdmxbz?refer_flag=1001030103_&type=comment,,,,,,,,,,功夫皮卡上房揭瓦,主要是说话简单明了直接，不东扯西扯一堆听不懂的学术名词，不管什么学历什么身份都听得懂,3月4日 11:24,4593,我王万寿安康,"
            我王万寿安康：可惜，这样说实话没法当发言人。        ",3月4日 11:28
https://www.weibo.com/7009444275/Ix1cdmxbz?refer_flag=1001030103_&type=comment,,,,,,,,,,我王万寿安康,可惜，这样说实话没法当发言人。,3月4日 11:28,2841,多金小飞侠,"
            多金小飞侠：还年轻，有这种公信力真的很棒        ",3月4日 11:18
https://www.weibo.com/7009444275/Ix1cdmxbz?refer_flag=1001030103_&type=comment,,,,,,,,,,多金小飞侠,还年轻，有这种公信力真的很棒,3月4日 11:18,1877,背杀猪刀的诗人,"
            背杀猪刀的诗人：当不了发言人，光说实话。        ",3月4日 11:27
https://www.weibo.com/7009444275/Ix1cdmxbz?refer_flag=1001030103_&type=comment,,,,,,,,,,背杀猪刀的诗人,当不了发言人，光说实话。,3月4日 11:27,1602,麋鹿书社,"
            麋鹿书社：张文宏这个人有种人格魅力，让人愿意相信他说的每一句话，他要是当上国家卫生安全方面的一把手，那绝对是对中国有利的一件事！        ",3月4日 12:07
https://www.weibo.com/7009444275/Ix1cdmxbz?refer_flag=1001030103_&type=comment,,,,,,,,,,麋鹿书社,张文宏这个人有种人格魅力，让人愿意相信他说的每一句话，他要是当上国家卫生安全方面的一把手，那绝对是对中国有利的一件事！,3月4日 12:07,809,云岸一边,"
            云岸一边：对，而且是出台同样的决策，比如低风险地区复工，国家不解释很多人都抵触。张医生解释了之后，大家都理解了。        ",3月4日 11:24
https://www.weibo.com/7009444275/Ix1cdmxbz?refer_flag=1001030103_&type=comment,,,,,,,,,,云岸一边,对，而且是出台同样的决策，比如低风险地区复工，国家不解释很多人都抵触。张医生解释了之后，大家都理解了。,3月4日 11:24,638,工藤新依_,"
            工藤新依_：我觉得他可以往院士发展了        ",3月4日 11:51
https://www.weibo.com/7009444275/Ix1cdmxbz?refer_flag=1001030103_&type=comment,,,,,,,,,,工藤新依_,我觉得他可以往院士发展了,3月4日 11:51,607,浙北之狼,"
            浙北之狼：本来就这个打算了，终南山年纪大了        ",3月4日 11:46
https://www.weibo.com/7009444275/Ix1cdmxbz?refer_flag=1001030103_&type=comment,,,,,,,,,,浙北之狼,本来就这个打算了，终南山年纪大了,3月4日 11:46,380,衛亦信,"
            衛亦信：你别害人家了 钟同志说不一定中国也不一定是他心里话 他现在变成了一个工具        ",3月4日 11:41
https://www.weibo.com/7009444275/Ix1cdmxbz?refer_flag=1001030103_&type=comment,,,,,,,,,,衛亦信,你别害人家了钟同志说不一定中国也不一定是他心里话他现在变成了一个工具,3月4日 11:41,330,末日它不会来,"
            末日它不会来：别老觉得人家想当什么公共发言人，得顶着多大压力，说错一句话就会被喷死，是我们需要这样一个人出来稳定民心不会太过恐慌，这次还不知道如果大众出现极端恐慌会出现多混乱的局面吗？？人家还不一定愿意站出来呢        ",3月4日 12:02
https://www.weibo.com/7009444275/Ix1cdmxbz?refer_flag=1001030103_&type=comment,,,,,,,,,,末日它不会来,别老觉得人家想当什么公共发言人，得顶着多大压力，说错一句话就会被喷死，是我们需要这样一个人出来稳定民心不会太过恐慌，这次还不知道如果大众出现极端恐慌会出现多混乱的局面吗？？人家还不一定愿意站出来呢,3月4日 12:02,282,荒芜梦,"
            荒芜梦：语速这么快，还这么稳，智商情商确实高！        ",3月4日 12:02
https://www.weibo.com/7009444275/Ix1cdmxbz?refer_flag=1001030103_&type=comment,,,,,,,,,,荒芜梦,语速这么快，还这么稳，智商情商确实高！,3月4日 12:02,257,王_陆拾儿,"
            王_陆拾儿：这样的人，我们喜欢，有的人会不喜欢的。        ",3月4日 11:55
https://www.weibo.com/7009444275/Ix1cdmxbz?refer_flag=1001030103_&type=comment,,,,,,,,,,王_陆拾儿,这样的人，我们喜欢，有的人会不喜欢的。,3月4日 11:55,179,彬彬斯基,"
            彬彬斯基：我天，现在的风向是黑钟南山了么？非要他出面说国家控制的有多么不好才是实话么？否则就是国家维稳的工具？我呸，你们这些黑子中国不乱趴下了，就是不行是吧？你们真的都在国外吗？国家乱了，你们真的有好处是吧？        ",3月4日 12:53
https://www.weibo.com/7009444275/Ix1cdmxbz?refer_flag=1001030103_&type=comment,,,,,,,,,,彬彬斯基,我天，现在的风向是黑钟南山了么？非要他出面说国家控制的有多么不好才是实话么？否则就是国家维稳的工具？我呸，你们这些黑子中国不乱趴下了，就是不行是吧？你们真的都在国外吗？国家乱了，你们真的有好处是吧？,3月4日 12:53,177,o叫什么不吃饭o,"
            o叫什么不吃饭o：我最喜欢的是他思路清晰，语速快，看他的采访一点不觉得墨迹        ",3月4日 12:18
https://www.weibo.com/7009444275/Ix1cdmxbz?refer_flag=1001030103_&type=comment,,,,,,,,,,o叫什么不吃饭o,我最喜欢的是他思路清晰，语速快，看他的采访一点不觉得墨迹,3月4日 12:18,147,性感发猫在线喵喵,"
            性感发猫在线喵喵：说张医生只说实话上面不爱听，所以不能当公共发言人的，你们现在在看什么？心灵感应吗？        ",3月4日 12:21
https://www.weibo.com/7009444275/Ix1cdmxbz?refer_flag=1001030103_&type=comment,,,,,,,,,,梗姐姐,“临床结果出来之前不知道是不是你的老婆”,3月4日 10:54,6329,,,
https://www.weibo.com/7009444275/Ix1cdmxbz?refer_flag=1001030103_&type=comment,,,,,,,,,,梗姐姐,“临床结果出来之前不知道是不是你的老婆”,3月4日 10:54,6329,失眠的佩佩蛙,"
            失眠的佩佩蛙：张主任凭借他的话语实力出圈段子手无疑了！        ",3月4日 11:30
https://www.weibo.com/7009444275/Ix1cdmxbz?refer_flag=1001030103_&type=comment,,,,,,,,,,失眠的佩佩蛙,张主任凭借他的话语实力出圈段子手无疑了！,3月4日 11:30,1615,Champa9719,"
            Champa9719：“媒体不要片面传播”        ",3月4日 12:08
https://www.weibo.com/7009444275/Ix1cdmxbz?refer_flag=1001030103_&type=comment,,,,,,,,,,Champa9719,“媒体不要片面传播”,3月4日 12:08,1344,拒绝再吃炸物的瘦砸,"
            拒绝再吃炸物的瘦砸：他的采访我都能认真看完…黑圆圈快消散        ",3月4日 11:46
https://www.weibo.com/7009444275/Ix1cdmxbz?refer_flag=1001030103_&type=comment,,,,,,,,,,拒绝再吃炸物的瘦砸,他的采访我都能认真看完…黑圆圈快消散,3月4日 11:46,915,Great李,"
            Great李：这层有傻子 人家记者是男的 当然说女朋友了   这都能杠 我是服气        ",3月4日 12:21
https://www.weibo.com/7009444275/Ix1cdmxbz?refer_flag=1001030103_&type=comment,,,,,,,,,,Great李,这层有傻子人家记者是男的当然说女朋友了这都能杠我是服气,3月4日 12:21,757,芬太尼901,"
            芬太尼901：感觉张医生生活中应该是个很浪漫的人，经常拿爱情做比方，肯定家庭生活很和睦        ",3月4日 13:15
https://www.weibo.com/7009444275/Ix1cdmxbz?refer_flag=1001030103_&type=comment,,,,,,,,,,芬太尼901,感觉张医生生活中应该是个很浪漫的人，经常拿爱情做比方，肯定家庭生活很和睦,3月4日 13:15,397,我明年上初一,"
            我明年上初一：为什么拿老婆举例子？为什么不是你的老公？气愤，发抖        ",3月4日 12:03
https://www.weibo.com/7009444275/Ix1cdmxbz?refer_flag=1001030103_&type=comment,,,,,,,,,,我明年上初一,为什么拿老婆举例子？为什么不是你的老公？气愤，发抖,3月4日 12:03,142,白念vincent,"
            白念vincent：小伙子，你也知道……        ",3月4日 12:08
https://www.weibo.com/7009444275/Ix1cdmxbz?refer_flag=1001030103_&type=comment,,,,,,,,,,白念vincent,小伙子，你也知道……,3月4日 12:08,175,danny_萧晓然,"
            danny_萧晓然：看到这我也是笑了        ",3月4日 11:59
https://www.weibo.com/7009444275/Ix1cdmxbz?refer_flag=1001030103_&type=comment,,,,,,,,,,danny_萧晓然,看到这我也是笑了,3月4日 11:59,107,小晴是plmm,"
            小晴是plmm：比喻真的超形象了哈哈哈        ",3月4日 12:30
https://www.weibo.com/7009444275/Ix1cdmxbz?refer_flag=1001030103_&type=comment,,,,,,,,,,小晴是plmm,比喻真的超形象了哈哈哈,3月4日 12:30,120,没事唠唠唠唠嗑,"
            没事唠唠唠唠嗑：女朋友可以有多个 但是老婆只能有一个        ",3月4日 12:50
https://www.weibo.com/7009444275/Ix1cdmxbz?refer_flag=1001030103_&type=comment,,,,,,,,,,没事唠唠唠唠嗑,女朋友可以有多个但是老婆只能有一个,3月4日 12:50,103,烟火看人间2,"
            烟火看人间2：笑死我了，每次都有亮点        ",3月4日 12:28
https://www.weibo.com/7009444275/Ix1cdmxbz?refer_flag=1001030103_&type=comment,,,,,,,,,,烟火看人间2,笑死我了，每次都有亮点,3月4日 12:28,81,YIBO-lr,"
            YIBO-lr：怎么这层都有杠精，是杠无可杠了吗        ",3月4日 13:08
https://www.weibo.com/7009444275/Ix1cdmxbz?refer_flag=1001030103_&type=comment,,,,,,,,,,YIBO-lr,怎么这层都有杠精，是杠无可杠了吗,3月4日 13:08,62,心入莲池海会中,"
            心入莲池海会中：张医生这说的不是吹上天的神药瑞得西韦吗？？？治埃博拉的，结果太差被ps掉的，后来又吹治中东呼吸综合症，现在又吹治冠状病毒肺炎的！前段时间一直吹，医药集团真是急着卖啊，再卖不出去，病就都好了！        ",3月4日 12:48
https://www.weibo.com/7009444275/Ix1cdmxbz?refer_flag=1001030103_&type=comment,,,,,,,,,,心入莲池海会中,张医生这说的不是吹上天的神药瑞得西韦吗？？？治埃博拉的，结果太差被ps掉的，后来又吹治中东呼吸综合症，现在又吹治冠状病毒肺炎的！前段时间一直吹，医药集团真是急着卖啊，再卖不出去，病就都好了！,3月4日 12:48,67,芬太尼901,"
            芬太尼901：真是太服气了，通俗易懂，话又恰到好处，不多一分，也不差一分，大写的服气        ",3月4日 13:14
https://www.weibo.com/7009444275/Ix1cdmxbz?refer_flag=1001030103_&type=comment,,,,,,,,,,芬太尼901,真是太服气了，通俗易懂，话又恰到好处，不多一分，也不差一分，大写的服气,3月4日 13:14,51,乔是乔的乔,"
            乔是乔的乔：哈哈哈哈哈 真的厉害        ",3月4日 11:47
https://www.weibo.com/7009444275/Ix1cdmxbz?refer_flag=1001030103_&type=comment,,,,,,,,,,不淘气熊猫,中间那段说的就是你吧？@人民日报,3月4日 11:00,4627,,,
https://www.weibo.com/7009444275/Ix1cdmxbz?refer_flag=1001030103_&type=comment,,,,,,,,,,不淘气熊猫,中间那段说的就是你吧？@人民日报,3月4日 11:00,4627,聂后面的文钊很low,"
            聂后面的文钊很low：二流包纸，石锤        ",3月4日 11:11
https://www.weibo.com/7009444275/Ix1cdmxbz?refer_flag=1001030103_&type=comment,,,,,,,,,,聂后面的文钊很low,二流包纸，石锤,3月4日 11:11,1783,Lujie_陆二毛,"
            Lujie_陆二毛：走资派控制的二流报纸        ",3月4日 12:16
https://www.weibo.com/7009444275/Ix1cdmxbz?refer_flag=1001030103_&type=comment,,,,,,,,,,Lujie_陆二毛,走资派控制的二流报纸,3月4日 12:16,1460,猪八ONE万,"
            猪八ONE万：人民日报！胡说八道！        ",3月4日 12:04
https://www.weibo.com/7009444275/Ix1cdmxbz?refer_flag=1001030103_&type=comment,,,,,,,,,,猪八ONE万,人民日报！胡说八道！,3月4日 12:04,1057,小雨点讷讷,"
            小雨点讷讷：我特地去试了一下 渣浪 人民日报二流报纸石锤！ O网页链接        ",3月4日 12:28
https://www.weibo.com/7009444275/Ix1cdmxbz?refer_flag=1001030103_&type=comment,,,,,,,,,,小雨点讷讷,我特地去试了一下渣浪人民日报二流报纸石锤！O网页链接,3月4日 12:28,864,夜夜夜夜不下雨,"
            夜夜夜夜不下雨：是这样，太真实了吧，实际上我这个评论也不能发出那几个字，作为一个伟人，受到的待遇太过分了。那些内鬼 O网页链接        ",3月4日 12:56
https://www.weibo.com/7009444275/Ix1cdmxbz?refer_flag=1001030103_&type=comment,,,,,,,,,,夜夜夜夜不下雨,是这样，太真实了吧，实际上我这个评论也不能发出那几个字，作为一个伟人，受到的待遇太过分了。那些内鬼O网页链接,3月4日 12:56,545,杜里frw,"
            杜里frw：十八流报纸        ",3月4日 11:26
https://www.weibo.com/7009444275/Ix1cdmxbz?refer_flag=1001030103_&type=comment,,,,,,,,,,杜里frw,十八流报纸,3月4日 11:26,394,bbyNagyt-,"
            bbyNagyt-：二流报纸说的话别太信        ",3月4日 11:43
https://www.weibo.com/7009444275/Ix1cdmxbz?refer_flag=1001030103_&type=comment,,,,,,,,,,bbyNagyt-,二流报纸说的话别太信,3月4日 11:43,346,黑您等于爱您,"
            黑您等于爱您：新京报也是，几乎所有媒体都有这个毛病        ",3月4日 12:04
https://www.weibo.com/7009444275/Ix1cdmxbz?refer_flag=1001030103_&type=comment,,,,,,,,,,黑您等于爱您,新京报也是，几乎所有媒体都有这个毛病,3月4日 12:04,248,司闻哈哈哈,"
            司闻哈哈哈：日人报纸        ",3月4日 11:27
https://www.weibo.com/7009444275/Ix1cdmxbz?refer_flag=1001030103_&type=comment,,,,,,,,,,司闻哈哈哈,日人报纸,3月4日 11:27,219,小人牛勿儿,"
            小人牛勿儿：二流就是恭维了        ",3月4日 12:15
https://www.weibo.com/7009444275/Ix1cdmxbz?refer_flag=1001030103_&type=comment,,,,,,,,,,小人牛勿儿,二流就是恭维了,3月4日 12:15,157,柳芭宝宝,"
            柳芭宝宝：哈哈哈 一下就想到日人报纸        ",3月4日 11:39
https://www.weibo.com/7009444275/Ix1cdmxbz?refer_flag=1001030103_&type=comment,,,,,,,,,,柳芭宝宝,哈哈哈一下就想到日人报纸,3月4日 11:39,111,LH阿咦呀,"
            LH阿咦呀：以前好信人民日报的，有次转发人贩子梅姨，假的画像误导群众，再后来双黄连，从此对人民日报粉转黑👋🏻        ",3月4日 14:00
https://www.weibo.com/7009444275/Ix1cdmxbz?refer_flag=1001030103_&type=comment,,,,,,,,,,LH阿咦呀,以前好信人民日报的，有次转发人贩子梅姨，假的画像误导群众，再后来双黄连，从此对人民日报粉转黑👋🏻,3月4日 14:00,100,麋鹿书社,"
            麋鹿书社：二流报纸。        ",3月4日 12:09
https://www.weibo.com/7009444275/Ix1cdmxbz?refer_flag=1001030103_&type=comment,,,,,,,,,,麋鹿书社,二流报纸。,3月4日 12:09,96,心入莲池海会中,"
            心入莲池海会中：张医生这说的不是吹上天的神药瑞得西韦吗？？？治埃博拉的，结果太差被ps掉的，后来又吹治中东呼吸综合症，现在又吹治冠状病毒肺炎的！前段时间一直吹，医药集团真是急着卖啊，再卖不出去，病就都好了        ",3月4日 12:42
https://www.weibo.com/7009444275/Ix1cdmxbz?refer_flag=1001030103_&type=comment,,,,,,,,,,瘦而不柴崔喜喜,小伙子你也知道，（关于瑞德西韦疗效）在临床结果没出来之前就不是你老婆，还是女朋友，，，又对媒体提出了中肯意见,3月4日 10:56,3800,,,
https://www.weibo.com/7009444275/Ix1cdmxbz?refer_flag=1001030103_&type=comment,,,,,,,,,,瘦而不柴崔喜喜,小伙子你也知道，（关于瑞德西韦疗效）在临床结果没出来之前就不是你老婆，还是女朋友，，，又对媒体提出了中肯意见,3月4日 10:56,3800,民咕咕2088,"
            民咕咕2088：张医生总是说到点上        ",3月4日 11:42
https://www.weibo.com/7009444275/Ix1cdmxbz?refer_flag=1001030103_&type=comment,,,,,,,,,,民咕咕2088,张医生总是说到点上,3月4日 11:42,258,你今天真好看z_,"
            你今天真好看z_：《外国人永久居留条例》！！一、登录中国政府法制信息网（www.moj.gov.cn、www.chinalaw.gov.cn）或者中国法律服务网（www.12348.gov.cn），进入首页“立法意见征集”栏目提出意见。二、通过电子邮件可以将你的意见发送至：YJJL2020@chinalaw.gov.cn 中国加油，我爱中国！        ",3月4日 11:39
https://www.weibo.com/7009444275/Ix1cdmxbz?refer_flag=1001030103_&type=comment,,,,,,,,,,你今天真好看z_,《外国人永久居留条例》！！一、登录中国政府法制信息网（www.moj.gov.cn、www.chinalaw.gov.cn）或者中国法律服务网（www.12348.gov.cn），进入首页“立法意见征集”栏目提出意见。二、通过电子邮件可以将你的意见发送至：YJJL2020@chinalaw.gov.cn中国加油，我爱中国！,3月4日 11:39,156,Joo虎,"
            Joo虎：日日前一阵子说双黄连，阿冠完全可以追责日日，在现代社会，阿冠明明还没有老婆，日日居然还给阿冠指婚        ",3月4日 12:12
https://www.weibo.com/7009444275/Ix1cdmxbz?refer_flag=1001030103_&type=comment,,,,,,,,,,Joo虎,日日前一阵子说双黄连，阿冠完全可以追责日日，在现代社会，阿冠明明还没有老婆，日日居然还给阿冠指婚,3月4日 12:12,103,爱自己就等于爱别人go,"
            爱自己就等于爱别人go：通俗易懂        ",3月4日 11:53
https://www.weibo.com/7009444275/Ix1cdmxbz?refer_flag=1001030103_&type=comment,,,,,,,,,,爱自己就等于爱别人go,通俗易懂,3月4日 11:53,48,木木马偶,"
            木木马偶：而且双盲试验能不能做还不一定，现有的药是有办法治疗的，双盲试验有一组人什么都不用，那病情发展了怎么办，美国也有很多人确诊了，也有死亡病例，怎么没用呢？        ",3月4日 11:46
https://www.weibo.com/7009444275/Ix1cdmxbz?refer_flag=1001030103_&type=comment,,,,,,,,,,木木马偶,而且双盲试验能不能做还不一定，现有的药是有办法治疗的，双盲试验有一组人什么都不用，那病情发展了怎么办，美国也有很多人确诊了，也有死亡病例，怎么没用呢？,3月4日 11:46,36,用户晓班头1110,"
            用户晓班头1110：这个比喻是张医生想到的吗？有才呀        ",3月4日 14:26
https://www.weibo.com/7009444275/Ix1cdmxbz?refer_flag=1001030103_&type=comment,,,,,,,,,,用户晓班头1110,这个比喻是张医生想到的吗？有才呀,3月4日 14:26,12,红领巾的闲暇时光,"
            红领巾的闲暇时光：采访的时候能不能离远点，都有话筒咱远点说行吗        ",3月4日 13:52
https://www.weibo.com/7009444275/Ix1cdmxbz?refer_flag=1001030103_&type=comment,,,,,,,,,,红领巾的闲暇时光,采访的时候能不能离远点，都有话筒咱远点说行吗,3月4日 13:52,11,hahahhhhhxswl,"
            hahahhhhhxswl：美国死了好几个，感觉可能没用        ",3月4日 12:56
https://www.weibo.com/7009444275/Ix1cdmxbz?refer_flag=1001030103_&type=comment,,,,,,,,,,hahahhhhhxswl,美国死了好几个，感觉可能没用,3月4日 12:56,10,帕耶喵,"
            帕耶喵：怪不得那个造谣人李跃华上不了热搜        ",3月4日 12:48
https://www.weibo.com/7009444275/Ix1cdmxbz?refer_flag=1001030103_&type=comment,,,,,,,,,,帕耶喵,怪不得那个造谣人李跃华上不了热搜,3月4日 12:48,1,小草莓小盒子,"
            小草莓小盒子：小伙子笑了没有女朋友        ",3月5日 00:30
https://www.weibo.com/7009444275/Ix1cdmxbz?refer_flag=1001030103_&type=comment,,,,,,,,,,小草莓小盒子,小伙子笑了没有女朋友,3月5日 00:30,,胖达困困哒,"
            胖达困困哒：@牛三抖666        ",3月4日 19:02
https://www.weibo.com/7009444275/Ix1cdmxbz?refer_flag=1001030103_&type=comment,,,,,,,,,,胖达困困哒,@牛三抖666,3月4日 19:02,,澎湃小辣妈,"
            澎湃小辣妈：上次我女儿EB病毒用的更昔韦洛        ",3月4日 16:42
https://www.weibo.com/7009444275/Ix1cdmxbz?refer_flag=1001030103_&type=comment,,,,,,,,,,澎湃小辣妈,上次我女儿EB病毒用的更昔韦洛,3月4日 16:42,,容許旳驕傲,"
            容許旳驕傲：不弄虚作假。也不画大饼！ 好喜欢张文宏医生👨‍⚕️。        ",3月4日 15:42
https://www.weibo.com/7009444275/Ix1cdmxbz?refer_flag=1001030103_&type=comment,,,,,,,,,,容許旳驕傲,不弄虚作假。也不画大饼！好喜欢张文宏医生👨‍⚕️。,3月4日 15:42,7,微笑天使勿忘我,"
            微笑天使勿忘我：我微博抽10个kn95口罩        ",3月4日 15:15
https://www.weibo.com/7009444275/Ix1cdmxbz?refer_flag=1001030103_&type=comment,,,,,,,,,,元气少女要学习,张医生看起来疲惫不堪每天工作超负荷之外还要接受采访希望减少媒体采访给医生增加额外的负担这些信息其实钟南山院士团队已经给出来解除防控措施的时间大概是四月下旬了,3月4日 11:07,3367,,,
https://www.weibo.com/7009444275/Ix1cdmxbz?refer_flag=1001030103_&type=comment,,,,,,,,,,元气少女要学习,张医生看起来疲惫不堪每天工作超负荷之外还要接受采访希望减少媒体采访给医生增加额外的负担这些信息其实钟南山院士团队已经给出来解除防控措施的时间大概是四月下旬了,3月4日 11:07,3367,淘宝店铺红兔子,"
            淘宝店铺红兔子：仔细看他眼圈好黑        ",3月4日 12:28
https://www.weibo.com/7009444275/Ix1cdmxbz?refer_flag=1001030103_&type=comment,,,,,,,,,,淘宝店铺红兔子,仔细看他眼圈好黑,3月4日 12:28,209,傲慢的青儿,"
            傲慢的青儿：关键是大家喜欢听他说话啊！媒体自然以采访到为骄傲。        ",3月4日 12:25
https://www.weibo.com/7009444275/Ix1cdmxbz?refer_flag=1001030103_&type=comment,,,,,,,,,,傲慢的青儿,关键是大家喜欢听他说话啊！媒体自然以采访到为骄傲。,3月4日 12:25,157,玖玖的大世界,"
            玖玖的大世界：感觉他好累啊 黑眼圈也重 不仅要面对病情  还要接受采访来安抚我们        ",3月4日 14:53
https://www.weibo.com/7009444275/Ix1cdmxbz?refer_flag=1001030103_&type=comment,,,,,,,,,,玖玖的大世界,感觉他好累啊黑眼圈也重不仅要面对病情还要接受采访来安抚我们,3月4日 14:53,134,兔纸菇凉七七,"
            兔纸菇凉七七：是的，看起来很疲惫，这些在前线抗疫的医生也真的不容易，辛苦他们了🙏        ",3月4日 12:18
https://www.weibo.com/7009444275/Ix1cdmxbz?refer_flag=1001030103_&type=comment,,,,,,,,,,兔纸菇凉七七,是的，看起来很疲惫，这些在前线抗疫的医生也真的不容易，辛苦他们了🙏,3月4日 12:18,86,5757美好如意,"
            5757美好如意：是的，保护我们男神！让他多休息休息吧        ",3月4日 12:33
https://www.weibo.com/7009444275/Ix1cdmxbz?refer_flag=1001030103_&type=comment,,,,,,,,,,5757美好如意,是的，保护我们男神！让他多休息休息吧,3月4日 12:33,63,337_s小昊昊,"
            337_s小昊昊：很明显很累了，希望可以强制他休息。        ",3月4日 14:23
https://www.weibo.com/7009444275/Ix1cdmxbz?refer_flag=1001030103_&type=comment,,,,,,,,,,337_s小昊昊,很明显很累了，希望可以强制他休息。,3月4日 14:23,45,胡皮皮playing,"
            胡皮皮playing：听声音、看神态都能感觉出的疲倦        ",3月4日 15:37
https://www.weibo.com/7009444275/Ix1cdmxbz?refer_flag=1001030103_&type=comment,,,,,,,,,,胡皮皮playing,听声音、看神态都能感觉出的疲倦,3月4日 15:37,17,阳·仲春十二,"
            阳·仲春十二：我也感觉  黑眼圈有点严重        ",3月4日 12:51
https://www.weibo.com/7009444275/Ix1cdmxbz?refer_flag=1001030103_&type=comment,,,,,,,,,,阳·仲春十二,我也感觉黑眼圈有点严重,3月4日 12:51,22,tukee肉肉,"
            tukee肉肉：不采访我们怎么知道状况啊        ",3月4日 13:28
https://www.weibo.com/7009444275/Ix1cdmxbz?refer_flag=1001030103_&type=comment,,,,,,,,,,tukee肉肉,不采访我们怎么知道状况啊,3月4日 13:28,12,猪仔彬,"
            猪仔彬：求求官方也想想一线的医务人员如何轮休吧，他们都是有血有肉的人 更不要一直宣传他们不怕苦不怕累@人民日报 他们是人        ",3月4日 15:10
https://www.weibo.com/7009444275/Ix1cdmxbz?refer_flag=1001030103_&type=comment,,,,,,,,,,猪仔彬,求求官方也想想一线的医务人员如何轮休吧，他们都是有血有肉的人更不要一直宣传他们不怕苦不怕累@人民日报他们是人,3月4日 15:10,20,太阳有天当空照,"
            太阳有天当空照：对呀，看黑眼圈都好重        ",3月4日 14:21
https://www.weibo.com/7009444275/Ix1cdmxbz?refer_flag=1001030103_&type=comment,,,,,,,,,,太阳有天当空照,对呀，看黑眼圈都好重,3月4日 14:21,13,一白_emm,"
            一白_emm：听他说话真的感觉很疲惫了        ",3月4日 16:47
https://www.weibo.com/7009444275/Ix1cdmxbz?refer_flag=1001030103_&type=comment,,,,,,,,,,一白_emm,听他说话真的感觉很疲惫了,3月4日 16:47,9,淌淌韭菜818,"
            淌淌韭菜818：我真心的感觉我们这代某些人自我得一批        ",3月4日 15:24
https://www.weibo.com/7009444275/Ix1cdmxbz?refer_flag=1001030103_&type=comment,,,,,,,,,,琳言语,真的是没有废话犀利无比,3月4日 10:41,3293,,,
https://www.weibo.com/7009444275/Ix1cdmxbz?refer_flag=1001030103_&type=comment,,,,,,,,,,琳言语,真的是没有废话犀利无比,3月4日 10:41,3293,潼LT,"
            潼LT：他说话已经很谨慎了，每句话都留有余地。聪明人不会让自己锋芒太露的。        ",3月4日 15:30
https://www.weibo.com/7009444275/Ix1cdmxbz?refer_flag=1001030103_&type=comment,,,,,,,,,,潼LT,他说话已经很谨慎了，每句话都留有余地。聪明人不会让自己锋芒太露的。,3月4日 15:30,296,扑哧动次Duang,"
            扑哧动次Duang：林子大了什么鸟都有 都有人开始喷钟院士了 看来学医救不了中国人是对的        ",3月4日 16:17
https://www.weibo.com/7009444275/Ix1cdmxbz?refer_flag=1001030103_&type=comment,,,,,,,,,,扑哧动次Duang,林子大了什么鸟都有都有人开始喷钟院士了看来学医救不了中国人是对的,3月4日 16:17,171,口水多过浪花903,"
            口水多过浪花903：是的，钟南山有官话，张医生没有        ",3月4日 12:58
https://www.weibo.com/7009444275/Ix1cdmxbz?refer_flag=1001030103_&type=comment,,,,,,,,,,口水多过浪花903,是的，钟南山有官话，张医生没有,3月4日 12:58,129,桃子队长丿123,"
            桃子队长丿123：不会说废话是没有政治前途的        ",3月4日 15:09
https://www.weibo.com/7009444275/Ix1cdmxbz?refer_flag=1001030103_&type=comment,,,,,,,,,,桃子队长丿123,不会说废话是没有政治前途的,3月4日 15:09,62,Aaa慧er,"
            Aaa慧er：不会吧，现在因为疫情被免职的人挺多的，瞒报我估计就不是免职那么简单了        ",3月4日 12:31
https://www.weibo.com/7009444275/Ix1cdmxbz?refer_flag=1001030103_&type=comment,,,,,,,,,,Aaa慧er,不会吧，现在因为疫情被免职的人挺多的，瞒报我估计就不是免职那么简单了,3月4日 12:31,16,北方寒秋a,"
            北方寒秋a：就说一句，钟院士是无双的国士，楼里诋毁的爬！        ",3月4日 20:58
https://www.weibo.com/7009444275/Ix1cdmxbz?refer_flag=1001030103_&type=comment,,,,,,,,,,北方寒秋a,就说一句，钟院士是无双的国士，楼里诋毁的爬！,3月4日 20:58,14,也哲史,"
            也哲史：捉住不良假号 ¡评论配图        ",3月4日 17:25
https://www.weibo.com/7009444275/Ix1cdmxbz?refer_flag=1001030103_&type=comment,,,,,,,,,,也哲史,捉住不良假号¡评论配图,3月4日 17:25,4,刷鸭牙哑讶,"
            刷鸭牙哑讶：我吐了，现在开始黑钟老了？黑子没🦄？        ",3月4日 19:34
https://www.weibo.com/7009444275/Ix1cdmxbz?refer_flag=1001030103_&type=comment,,,,,,,,,,刷鸭牙哑讶,我吐了，现在开始黑钟老了？黑子没🦄？,3月4日 19:34,8,天现啊宝,"
            天现啊宝：对呀精辟到位        ",3月4日 14:18
https://www.weibo.com/7009444275/Ix1cdmxbz?refer_flag=1001030103_&type=comment,,,,,,,,,,天现啊宝,对呀精辟到位,3月4日 14:18,3,子部的橙子,"
            子部的橙子：我们大温州人民的说话风格        ",3月5日 01:26
https://www.weibo.com/7009444275/Ix1cdmxbz?refer_flag=1001030103_&type=comment,,,,,,,,,,子部的橙子,我们大温州人民的说话风格,3月5日 01:26,,是云熙哥哥呀,"
            是云熙哥哥呀：上海医疗还是人才辈出的  拔尖人物聚集        ",3月4日 23:58
https://www.weibo.com/7009444275/Ix1cdmxbz?refer_flag=1001030103_&type=comment,,,,,,,,,,是云熙哥哥呀,上海医疗还是人才辈出的拔尖人物聚集,3月4日 23:58,3,Cherriesontop,"
            Cherriesontop：不像某老年院士 每天定时出境 官话口号倒背如流 为采访累弯了腰 卵没研究个出        ",3月4日 13:14
https://www.weibo.com/7009444275/Ix1cdmxbz?refer_flag=1001030103_&type=comment,,,,,,,,,,米蘭小鐵匠911,最近被张主任圈粉，很喜欢他的科普,3月4日 10:47,2947,,,
https://www.weibo.com/7009444275/Ix1cdmxbz?refer_flag=1001030103_&type=comment,,,,,,,,,,米蘭小鐵匠911,最近被张主任圈粉，很喜欢他的科普,3月4日 10:47,2947,慧慧酱的日常,"
            慧慧酱的日常：回复@abc3211111:同志带话题啊#外国人永久居留管理条例# 反对！指路@思想火炬 @地平线下面1        ",3月6日 16:44
https://www.weibo.com/7009444275/Ix1cdmxbz?refer_flag=1001030103_&type=comment,,,,,,,,,,慧慧酱的日常,回复@abc3211111:同志带话题啊#外国人永久居留管理条例#反对！指路@思想火炬@地平线下面1,3月6日 16:44,,米蘭小鐵匠911,"
            米蘭小鐵匠911：回复@安锁子挖煤了:谢谢推荐，关注了        ",3月5日 00:35
https://www.weibo.com/7009444275/Ix1cdmxbz?refer_flag=1001030103_&type=comment,,,,,,,,,,米蘭小鐵匠911,回复@安锁子挖煤了:谢谢推荐，关注了,3月5日 00:35,,安锁子挖煤了,"
            安锁子挖煤了：我关注了他们的 华山感染公众号，可以看到他写的文章        ",3月4日 23:28
https://www.weibo.com/7009444275/Ix1cdmxbz?refer_flag=1001030103_&type=comment,,,,,,,,,,安锁子挖煤了,我关注了他们的华山感染公众号，可以看到他写的文章,3月4日 23:28,1,融儿融啊,"
            融儿融啊：有这样的医生真的很放心，加油吧！        ",3月4日 16:01
https://www.weibo.com/7009444275/Ix1cdmxbz?refer_flag=1001030103_&type=comment,,,,,,,,,,融儿融啊,有这样的医生真的很放心，加油吧！,3月4日 16:01,15,Ljssssssssssss鸡,"
            Ljssssssssssss鸡：他以前有个讲座是叫贩卖焦虑的那一批人，说的就是他们        ",3月4日 15:40
https://www.weibo.com/7009444275/Ix1cdmxbz?refer_flag=1001030103_&type=comment,,,,,,,,,,Ljssssssssssss鸡,他以前有个讲座是叫贩卖焦虑的那一批人，说的就是他们,3月4日 15:40,19,abc3211111,"
            abc3211111：医生很好，同时请大家关注，  外国人永久居住管理条例  微博搜索，征集意见，截止日期3.27日        ",3月4日 15:32
https://www.weibo.com/7009444275/Ix1cdmxbz?refer_flag=1001030103_&type=comment,,,,,,,,,,abc3211111,医生很好，同时请大家关注，外国人永久居住管理条例微博搜索，征集意见，截止日期3.27日,3月4日 15:32,7,江巛禳,"
            江巛禳：男神张文宏        ",3月4日 14:49
https://www.weibo.com/7009444275/Ix1cdmxbz?refer_flag=1001030103_&type=comment,,,,,,,,,,江巛禳,男神张文宏,3月4日 14:49,4,别看了-我比你帅,"
            别看了-我比你帅：回复@iqiw9:你怎么还在借 没饿死吗        ",3月4日 14:02
https://www.weibo.com/7009444275/Ix1cdmxbz?refer_flag=1001030103_&type=comment,,,,,,,,,,别看了-我比你帅,回复@iqiw9:你怎么还在借没饿死吗,3月4日 14:02,8,南山有楠5,"
            南山有楠5：回复@iqiw9:网络乞丐给爷pa，有手有脚在中国饿不死谢谢        ",3月4日 13:38
https://www.weibo.com/7009444275/Ix1cdmxbz?refer_flag=1001030103_&type=comment,,,,,,,,,,神经衰弱智障的纠结体,最后说的建议很好，大力扶持各地疾控中心和医院感染性传染科发展,3月4日 10:55,1834,,,
https://www.weibo.com/7009444275/Ix1cdmxbz?refer_flag=1001030103_&type=comment,,,,,,,,,,神经衰弱智障的纠结体,最后说的建议很好，大力扶持各地疾控中心和医院感染性传染科发展,3月4日 10:55,1834,-牛牛的小世界,"
            -牛牛的小世界：回复@NICOLEKIDO:嗯嗯        ",3月4日 15:22
https://www.weibo.com/7009444275/Ix1cdmxbz?refer_flag=1001030103_&type=comment,,,,,,,,,,-牛牛的小世界,回复@NICOLEKIDO:嗯嗯,3月4日 15:22,,凡尔登的虎式精英,"
            凡尔登的虎式精英：的确，疾控不能附属于卫健委，应该独立出来，只管疾病预防控制和公共卫生        ",3月4日 15:19
https://www.weibo.com/7009444275/Ix1cdmxbz?refer_flag=1001030103_&type=comment,,,,,,,,,,凡尔登的虎式精英,的确，疾控不能附属于卫健委，应该独立出来，只管疾病预防控制和公共卫生,3月4日 15:19,41,艾欧尼亚Lisa,"
            艾欧尼亚Lisa：回复@iqiw9:问警察叔叔借        ",3月4日 14:46
https://www.weibo.com/7009444275/Ix1cdmxbz?refer_flag=1001030103_&type=comment,,,,,,,,,,艾欧尼亚Lisa,回复@iqiw9:问警察叔叔借,3月4日 14:46,,哆啦没口袋V,"
            哆啦没口袋V：回复@艾瑞芭骶:看到这么多人骂你，我就放心了        ",3月4日 12:53
https://www.weibo.com/7009444275/Ix1cdmxbz?refer_flag=1001030103_&type=comment,,,,,,,,,,哆啦没口袋V,回复@艾瑞芭骶:看到这么多人骂你，我就放心了,3月4日 12:53,5,全智贤的圈儿外男友,"
            全智贤的圈儿外男友：回复@艾瑞芭骶:脑瘫        ",3月4日 12:48
https://www.weibo.com/7009444275/Ix1cdmxbz?refer_flag=1001030103_&type=comment,,,,,,,,,,全智贤的圈儿外男友,回复@艾瑞芭骶:脑瘫,3月4日 12:48,2,NICOLEKIDO,"
            NICOLEKIDO：回复@-牛牛的小世界:是的，都是受害者～其实张医生说的很好，防护意识要有，这件事过完疾控需要被重视～我怼的这个人也不能代表湖北，他说话太轻巧了。。湖北的人民这一波多辛苦，操心这个那个，还最晚才能解禁，这要是过去了还不重视传染病，真的对不起为这件事前赴后继的一线人员        ",3月4日 12:42
https://www.weibo.com/7009444275/Ix1cdmxbz?refer_flag=1001030103_&type=comment,,,,,,,,,,NICOLEKIDO,回复@-牛牛的小世界:是的，都是受害者～其实张医生说的很好，防护意识要有，这件事过完疾控需要被重视～我怼的这个人也不能代表湖北，他说话太轻巧了。。湖北的人民这一波多辛苦，操心这个那个，还最晚才能解禁，这要是过去了还不重视传染病，真的对不起为这件事前赴后继的一线人员,3月4日 12:42,2,BELGRANO18,"
            BELGRANO18：回复@艾瑞芭骶:不懂就不要发表意见了        ",3月4日 12:34
https://www.weibo.com/7009444275/Ix1cdmxbz?refer_flag=1001030103_&type=comment,,,,,,,,,,BELGRANO18,回复@艾瑞芭骶:不懂就不要发表意见了,3月4日 12:34,3,-牛牛的小世界,"
            -牛牛的小世界：回复@NICOLEKIDO:不好意思 湖北其它市区都是受害者额        ",3月4日 12:33
https://www.weibo.com/7009444275/Ix1cdmxbz?refer_flag=1001030103_&type=comment,,,,,,,,,,-牛牛的小世界,回复@NICOLEKIDO:不好意思湖北其它市区都是受害者额,3月4日 12:33,1,LeslieRrrrrr,"
            LeslieRrrrrr：回复@艾瑞芭骶:自己看看最近通知的研究生扩招倾斜专业，公共卫生，主席也说了加强公共卫生体系建设。这次这么严重就是因为非典过后像你这样想法的太多了 懂吗        ",3月4日 12:18
https://www.weibo.com/7009444275/Ix1cdmxbz?refer_flag=1001030103_&type=comment,,,,,,,,,,LeslieRrrrrr,回复@艾瑞芭骶:自己看看最近通知的研究生扩招倾斜专业，公共卫生，主席也说了加强公共卫生体系建设。这次这么严重就是因为非典过后像你这样想法的太多了懂吗,3月4日 12:18,11,xccurate1,"
            xccurate1：回复@艾瑞芭骶:门外汉装你妈呢        ",3月4日 12:15
https://www.weibo.com/7009444275/Ix1cdmxbz?refer_flag=1001030103_&type=comment,,,,,,,,,,傻妞_虎儿,我喜欢张医生，他的话很实在，也很放心，每次看他的采访感觉都能让老百姓易懂，而不是那种说了很专业的东西大家听不懂也不知道该怎么去做，队伍老百姓来说只要说的老人孩子能明白，只要该怎么做就行了，我们不是学医的所以太专业的术语对我们来说真没有太大用处。。。感谢张医生,3月4日 11:08,1871,,,
https://www.weibo.com/7009444275/Ix1cdmxbz?refer_flag=1001030103_&type=comment,,,,,,,,,,傻妞_虎儿,我喜欢张医生，他的话很实在，也很放心，每次看他的采访感觉都能让老百姓易懂，而不是那种说了很专业的东西大家听不懂也不知道该怎么去做，队伍老百姓来说只要说的老人孩子能明白，只要该怎么做就行了，我们不是学医的所以太专业的术语对我们来说真没有太大用处。。。感谢张医生,3月4日 11:08,1871,流过的沙201910,"
            流过的沙201910：回复@iqiw9:看哭了  留卡号吧        ",3月5日 09:30
https://www.weibo.com/7009444275/Ix1cdmxbz?refer_flag=1001030103_&type=comment,,,,,,,,,,流过的沙201910,回复@iqiw9:看哭了留卡号吧,3月5日 09:30,,唯独喜欢你1314K,"
            唯独喜欢你1314K：同感        ",3月4日 23:18
https://www.weibo.com/7009444275/Ix1cdmxbz?refer_flag=1001030103_&type=comment,,,,,,,,,,唯独喜欢你1314K,同感,3月4日 23:18,,傻妞_虎儿,"
            傻妞_虎儿：回复@默香雪原:是的，他们都很不容易必须铭记于心        ",3月4日 19:21
https://www.weibo.com/7009444275/Ix1cdmxbz?refer_flag=1001030103_&type=comment,,,,,,,,,,傻妞_虎儿,回复@默香雪原:是的，他们都很不容易必须铭记于心,3月4日 19:21,2,傻妞_虎儿,"
            傻妞_虎儿：回复@幻想de忆流年:嗯，同感        ",3月4日 19:21
https://www.weibo.com/7009444275/Ix1cdmxbz?refer_flag=1001030103_&type=comment,,,,,,,,,,傻妞_虎儿,回复@幻想de忆流年:嗯，同感,3月4日 19:21,1,幻想de忆流年,"
            幻想de忆流年：张医生一说话感觉心里就很踏实        ",3月4日 18:33
https://www.weibo.com/7009444275/Ix1cdmxbz?refer_flag=1001030103_&type=comment,,,,,,,,,,幻想de忆流年,张医生一说话感觉心里就很踏实,3月4日 18:33,7,默香雪原,"
            默香雪原：回复@傻妞_虎儿:是，只有从钟老跟张医生的每次采访中都能感觉到他们是心里牵挂着病人心疼着医护人员的。是心里有牵挂跟心疼的人一天天坚持着。看一次一次。        ",3月4日 18:28
https://www.weibo.com/7009444275/Ix1cdmxbz?refer_flag=1001030103_&type=comment,,,,,,,,,,默香雪原,回复@傻妞_虎儿:是，只有从钟老跟张医生的每次采访中都能感觉到他们是心里牵挂着病人心疼着医护人员的。是心里有牵挂跟心疼的人一天天坚持着。看一次一次。,3月4日 18:28,5,傻妞_虎儿,"
            傻妞_虎儿：回复@这个肯定不会被占用:嗯，一线人员都不容易，非常辛苦        ",3月4日 18:20
https://www.weibo.com/7009444275/Ix1cdmxbz?refer_flag=1001030103_&type=comment,,,,,,,,,,傻妞_虎儿,回复@这个肯定不会被占用:嗯，一线人员都不容易，非常辛苦,3月4日 18:20,1,傻妞_虎儿,"
            傻妞_虎儿：回复@枫叶红了半山:对的，希望他能多说点让老百姓更加心安一点        ",3月4日 18:20
https://www.weibo.com/7009444275/Ix1cdmxbz?refer_flag=1001030103_&type=comment,,,,,,,,,,傻妞_虎儿,回复@枫叶红了半山:对的，希望他能多说点让老百姓更加心安一点,3月4日 18:20,1,傻妞_虎儿,"
            傻妞_虎儿：回复@麋鹿书社:嗯很有魅力        ",3月4日 18:20
https://www.weibo.com/7009444275/Ix1cdmxbz?refer_flag=1001030103_&type=comment,,,,,,,,,,傻妞_虎儿,回复@麋鹿书社:嗯很有魅力,3月4日 18:20,,傻妞_虎儿,"
            傻妞_虎儿：回复@默香雪原:是的，钟老也不容易，那些一线的医护人员真的好辛苦        ",3月4日 18:19
https://www.weibo.com/7009444275/Ix1cdmxbz?refer_flag=1001030103_&type=comment,,,,,,,,,,傻妞_虎儿,回复@默香雪原:是的，钟老也不容易，那些一线的医护人员真的好辛苦,3月4日 18:19,1,默香雪原,"
            默香雪原：他们都太辛苦了，太辛苦了都。        ",3月4日 15:35
https://www.weibo.com/7009444275/Ix1cdmxbz?refer_flag=1001030103_&type=comment,,,,,,,,,,过这村没这店老板娘,关于考试，想起了这个段子¡评论配图,3月4日 11:25,1796,,,
https://www.weibo.com/7009444275/Ix1cdmxbz?refer_flag=1001030103_&type=comment,,,,,,,,,,过这村没这店老板娘,关于考试，想起了这个段子¡评论配图,3月4日 11:25,1796,阳光小娜826,"
            阳光小娜826：河南是变态学霸，虽然死亡人数比较多但是治的快！！        ",3月4日 12:20
https://www.weibo.com/7009444275/Ix1cdmxbz?refer_flag=1001030103_&type=comment,,,,,,,,,,阳光小娜826,河南是变态学霸，虽然死亡人数比较多但是治的快！！,3月4日 12:20,611,蘑菇爱香米,"
            蘑菇爱香米：河南已经笨鸟先飞了!治愈率超高。        ",3月4日 12:23
https://www.weibo.com/7009444275/Ix1cdmxbz?refer_flag=1001030103_&type=comment,,,,,,,,,,蘑菇爱香米,河南已经笨鸟先飞了!治愈率超高。,3月4日 12:23,467,卿卿紫堇,"
            卿卿紫堇：湖北不是奥数，他就是学渣，谢谢        ",3月4日 12:30
https://www.weibo.com/7009444275/Ix1cdmxbz?refer_flag=1001030103_&type=comment,,,,,,,,,,卿卿紫堇,湖北不是奥数，他就是学渣，谢谢,3月4日 12:30,454,Jack太棒,"
            Jack太棒：满分河南被你吃干净了        ",3月4日 11:57
https://www.weibo.com/7009444275/Ix1cdmxbz?refer_flag=1001030103_&type=comment,,,,,,,,,,Jack太棒,满分河南被你吃干净了,3月4日 11:57,366,于木小姐,"
            于木小姐：河南开封市确诊26例全部治愈，疑似观察等今天全部清零了，并且17天无新增。今天太开心了！        ",3月4日 11:57
https://www.weibo.com/7009444275/Ix1cdmxbz?refer_flag=1001030103_&type=comment,,,,,,,,,,于木小姐,河南开封市确诊26例全部治愈，疑似观察等今天全部清零了，并且17天无新增。今天太开心了！,3月4日 11:57,272,兔兔兔乖宝,"
            兔兔兔乖宝：河南应该是满分试卷吧        ",3月4日 11:55
https://www.weibo.com/7009444275/Ix1cdmxbz?refer_flag=1001030103_&type=comment,,,,,,,,,,兔兔兔乖宝,河南应该是满分试卷吧,3月4日 11:55,260,到久年吧,"
            到久年吧：你是不是嫉妒我们大河南满分，不提她了        ",3月4日 12:35
https://www.weibo.com/7009444275/Ix1cdmxbz?refer_flag=1001030103_&type=comment,,,,,,,,,,到久年吧,你是不是嫉妒我们大河南满分，不提她了,3月4日 12:35,195,天天XLY,"
            天天XLY：河南是学霸吧        ",3月4日 12:14
https://www.weibo.com/7009444275/Ix1cdmxbz?refer_flag=1001030103_&type=comment,,,,,,,,,,天天XLY,河南是学霸吧,3月4日 12:14,170,悄悄的白云与苍狗,"
            悄悄的白云与苍狗：河南也很优秀啊哈哈哈哈哈        ",3月4日 12:15
https://www.weibo.com/7009444275/Ix1cdmxbz?refer_flag=1001030103_&type=comment,,,,,,,,,,悄悄的白云与苍狗,河南也很优秀啊哈哈哈哈哈,3月4日 12:15,145,今天也是想暴富的loulou,"
            今天也是想暴富的loulou：我山西稳，狠，听话且低调。我们不说        ",3月4日 11:55
https://www.weibo.com/7009444275/Ix1cdmxbz?refer_flag=1001030103_&type=comment,,,,,,,,,,今天也是想暴富的loulou,我山西稳，狠，听话且低调。我们不说,3月4日 11:55,110,-我的男友是猪精,"
            -我的男友是猪精：大河南有目共睹        ",3月4日 12:09
https://www.weibo.com/7009444275/Ix1cdmxbz?refer_flag=1001030103_&type=comment,,,,,,,,,,-我的男友是猪精,大河南有目共睹,3月4日 12:09,98,活捉一只傻狗子,"
            活捉一只傻狗子：满分河南被你吃干净了？？🍔比        ",3月4日 12:36
https://www.weibo.com/7009444275/Ix1cdmxbz?refer_flag=1001030103_&type=comment,,,,,,,,,,活捉一只傻狗子,满分河南被你吃干净了？？🍔比,3月4日 12:36,84,lemon酱紫啊,"
            lemon酱紫啊：山东真的形象        ",3月4日 12:22
https://www.weibo.com/7009444275/Ix1cdmxbz?refer_flag=1001030103_&type=comment,,,,,,,,,,lemon酱紫啊,山东真的形象,3月4日 12:22,80,小小黄鸭Ai楠哥,"
            小小黄鸭Ai楠哥：我大河南不配吗        ",3月4日 11:49
https://www.weibo.com/7009444275/Ix1cdmxbz?refer_flag=1001030103_&type=comment,,,,,,,,,,小小黄鸭Ai楠哥,我大河南不配吗,3月4日 11:49,64,想喝冰可乐乐,"
            想喝冰可乐乐：这样一总结，我发现山东挺惨的还        ",3月4日 12:01
https://www.weibo.com/7009444275/Ix1cdmxbz?refer_flag=1001030103_&type=comment,,,,,,,,,,EupOniouS,"""我希望你们媒体不要总是过分传播某个药物，不靠谱的药物进行片面传播，一些靠谱的药物在你们的传播下也可能变成错误的。""",3月4日 11:24,1566,,,
https://www.weibo.com/7009444275/Ix1cdmxbz?refer_flag=1001030103_&type=comment,,,,,,,,,,EupOniouS,"""我希望你们媒体不要总是过分传播某个药物，不靠谱的药物进行片面传播，一些靠谱的药物在你们的传播下也可能变成错误的。""",3月4日 11:24,1566,贪吃芒果的班戟,"
            贪吃芒果的班戟：媒体报道难免夸大，反正最后出问题的也不是他们承担，就是医患关系会紧张早年媒体的手笔难道就少吗        ",3月4日 12:07
https://www.weibo.com/7009444275/Ix1cdmxbz?refer_flag=1001030103_&type=comment,,,,,,,,,,贪吃芒果的班戟,媒体报道难免夸大，反正最后出问题的也不是他们承担，就是医患关系会紧张早年媒体的手笔难道就少吗,3月4日 12:07,87,XINHAIZHAO,"
            XINHAIZHAO：最后一个采访，回答够不够的秀到我了，这医生情商特别高，很委婉的回答了，也没直接就顶，强的一匹        ",3月4日 13:02
https://www.weibo.com/7009444275/Ix1cdmxbz?refer_flag=1001030103_&type=comment,,,,,,,,,,XINHAIZHAO,最后一个采访，回答够不够的秀到我了，这医生情商特别高，很委婉的回答了，也没直接就顶，强的一匹,3月4日 13:02,58,心入莲池海会中,"
            心入莲池海会中：张医生这说的不就是吹上天的神药瑞得西韦吗？？？治埃博拉的，结果太差被ps掉的，后来又吹治中东呼吸综合症，现在又吹治冠状病毒肺炎的！前段时间一直吹，医药集团真是急着卖啊，再卖不出去，病就都好了！卖药集团急哭了        ",3月4日 13:02
https://www.weibo.com/7009444275/Ix1cdmxbz?refer_flag=1001030103_&type=comment,,,,,,,,,,心入莲池海会中,张医生这说的不就是吹上天的神药瑞得西韦吗？？？治埃博拉的，结果太差被ps掉的，后来又吹治中东呼吸综合症，现在又吹治冠状病毒肺炎的！前段时间一直吹，医药集团真是急着卖啊，再卖不出去，病就都好了！卖药集团急哭了,3月4日 13:02,46,李晖家,"
            李晖家：不靠谱指双黄连，靠谱指瑞德西韦和俄罗斯的那款药，但是被吹嘘太高，有效药直接没有验证被吹捧成特效药        ",3月4日 14:13
https://www.weibo.com/7009444275/Ix1cdmxbz?refer_flag=1001030103_&type=comment,,,,,,,,,,李晖家,不靠谱指双黄连，靠谱指瑞德西韦和俄罗斯的那款药，但是被吹嘘太高，有效药直接没有验证被吹捧成特效药,3月4日 14:13,38,CAICAI家的丫丫,"
            CAICAI家的丫丫：而且读者也会选择性放大和忽略        ",3月4日 12:43
https://www.weibo.com/7009444275/Ix1cdmxbz?refer_flag=1001030103_&type=comment,,,,,,,,,,CAICAI家的丫丫,而且读者也会选择性放大和忽略,3月4日 12:43,40,没有星星的银河_,"
            没有星星的银河_：@人民日报 进来挨打        ",3月4日 14:48
https://www.weibo.com/7009444275/Ix1cdmxbz?refer_flag=1001030103_&type=comment,,,,,,,,,,没有星星的银河_,@人民日报进来挨打,3月4日 14:48,27,097管来娣,"
            097管来娣：张医生说话很刚，很在点子上。现在很多媒体的确是挺让人失望的，的确需要更多人提出批评的声音。        ",3月4日 18:49
https://www.weibo.com/7009444275/Ix1cdmxbz?refer_flag=1001030103_&type=comment,,,,,,,,,,097管来娣,张医生说话很刚，很在点子上。现在很多媒体的确是挺让人失望的，的确需要更多人提出批评的声音。,3月4日 18:49,17,Vae你吃什么呢我也想吃,"
            Vae你吃什么呢我也想吃：没见哪个媒体宣传瑞得西韦，倒是人日宣传双黄连挺来劲        ",3月4日 13:50
https://www.weibo.com/7009444275/Ix1cdmxbz?refer_flag=1001030103_&type=comment,,,,,,,,,,Vae你吃什么呢我也想吃,没见哪个媒体宣传瑞得西韦，倒是人日宣传双黄连挺来劲,3月4日 13:50,21,没什么食欲啊,"
            没什么食欲啊：这个就要手动@人民日报        ",3月4日 14:03
https://www.weibo.com/7009444275/Ix1cdmxbz?refer_flag=1001030103_&type=comment,,,,,,,,,,没什么食欲啊,这个就要手动@人民日报,3月4日 14:03,6,潍坊·泰和轩,"
            潍坊·泰和轩：说白了我们还是要有自己的辨别能力！        ",3月5日 22:25
https://www.weibo.com/7009444275/Ix1cdmxbz?refer_flag=1001030103_&type=comment,,,,,,,,,,潍坊·泰和轩,说白了我们还是要有自己的辨别能力！,3月5日 22:25,,你看今天的风儿是不是有点喧嚣,"
            你看今天的风儿是不是有点喧嚣：@人民日报        ",3月4日 20:16
https://www.weibo.com/7009444275/Ix1cdmxbz?refer_flag=1001030103_&type=comment,,,,,,,,,,你看今天的风儿是不是有点喧嚣,@人民日报,3月4日 20:16,5,肥肥鼠BOBI,"
            肥肥鼠BOBI：要是将来报道上出了什么偏差，你们可是要负责任的。        ",3月5日 00:58
https://www.weibo.com/7009444275/Ix1cdmxbz?refer_flag=1001030103_&type=comment,,,,,,,,,,肥肥鼠BOBI,要是将来报道上出了什么偏差，你们可是要负责任的。,3月5日 00:58,4,我心我愿黄19十九妹,"
            我心我愿黄19十九妹：路过！看你们的评论有点像吵架        ",3月4日 15:13
https://www.weibo.com/7009444275/Ix1cdmxbz?refer_flag=1001030103_&type=comment,,,,,,,,,,我心我愿黄19十九妹,路过！看你们的评论有点像吵架,3月4日 15:13,,蕾蕾lauren,"
            蕾蕾lauren：回复@李晖家:他应该说的是瑞德西维还没有拿到确认证明那么好用吧，所以大家先不要催的那么神；而双黄连清热解毒比较好适用还比较实在，但一开始被媒体宣传的过大，反而不利于双黄连的临床应用了；        ",3月7日 09:19
https://www.weibo.com/7009444275/Ix1cdmxbz?refer_flag=1001030103_&type=comment,,,,,,,,,,,,,,,,